group,victim,attackdate,country,activity,sector,website,description
qilin,Industrial Carrocera Arbuciense,2026-04-21 19:40:57.988180,ES,Manufacturing,,,N/A
qilin,Kolin Turkey,2026-04-21 19:40:21.717233,TR,Manufacturing,,,N/A
qilin,Heartland Steel Products,2026-04-21 18:08:46.641417,US,Manufacturing,,,N/A
qilin,Safety Engineering Laboratories,2026-04-21 16:33:52.173461,US,Manufacturing,,,N/A
qilin,Huonker GmbH,2026-04-21 00:00:00.000000,DE,Manufacturing,,,N/A
qilin,SEL (Safety Engineering Laboratory),2026-04-20 00:00:00.000000,DE,Manufacturing,,,N/A
qilin,Herth+Buss,2026-04-13 18:37:30.649761,DE,Manufacturing,,,N/A
qilin,PGDIS.PAPETIQUE PRO,2026-04-13 00:00:00.000000,,Manufacturing,,,N/A
qilin,Guerin Glass,2026-04-10 20:52:36.321335,US,Manufacturing,,,N/A
qilin,"HIGASHIYAMA INDUSTRIES Co.,Ltd.",2026-04-09 00:00:00.000000,JP,Manufacturing,,,N/A
qilin,SERAM SpA,2026-03-31 19:16:48.755467,IT,Manufacturing,,,N/A
qilin,Dow,2026-03-30 00:00:00.000000,US,Manufacturing,,,N/A
qilin,Bedrosians Tile & Stone,2026-03-26 17:58:20.506037,US,Manufacturing,,,N/A
qilin,LP Kolding,2026-03-26 10:14:02.425324,DK,Manufacturing,,,N/A
qilin,Maderas Del Noroeste,2026-03-26 00:00:00.000000,ES,Manufacturing,,,N/A
qilin,Groupe SFPI,2026-03-23 17:44:24.307274,FR,Manufacturing,,,N/A
qilin,Southwire,2026-03-22 19:33:32.198351,US,Manufacturing,,,N/A
qilin,hollu Systemhygiene,2026-03-18 15:03:53.763292,AT,Manufacturing,,,N/A
qilin,Sievert Electric Service and Sales,2026-03-18 13:40:41.888458,US,Manufacturing,,,N/A
qilin,Biogel,2026-03-16 09:14:47.634320,SE,Manufacturing,,,N/A
qilin,Millard Manufacturing,2026-03-13 14:43:28.286291,US,Manufacturing,,,N/A
qilin,Omega Optical,2026-03-11 16:23:39.489448,US,Manufacturing,,,N/A
qilin,Curtiembre Austral S.R.L.,2026-03-11 00:00:00.000000,AR,Manufacturing,,,N/A
qilin,Albany Pumps,2026-03-06 19:46:32.029039,GB,Manufacturing,,,N/A
qilin,Nopa Industriearmaturen,2026-03-05 18:37:43.765852,DE,Manufacturing,,,N/A
qilin,Golden Clay Industries Sdn Bhd,2026-03-04 11:48:31.916471,MY,Manufacturing,,,N/A
qilin,Gericke,2026-03-03 20:13:20.960171,CH,Manufacturing,,,N/A
qilin,Conklin Office Furniture,2026-03-03 20:12:41.172442,US,Manufacturing,,,N/A
qilin,Akkök Holding,2026-03-02 19:11:05.007830,TR,Manufacturing,,,N/A
qilin,LISI Group,2026-03-01 19:14:10.730869,FR,Manufacturing,,,N/A
qilin,Special Shapes Refractory,2026-03-01 17:28:54.000000,US,Manufacturing,,,N/A
qilin,Pro-Plastics,2026-02-28 21:02:36.060651,,Manufacturing,,,N/A
qilin,GENERON,2026-02-23 19:37:42.106538,US,Manufacturing,,,N/A
qilin,AllChem Industries,2026-02-22 14:26:51.418929,US,Manufacturing,,,N/A
qilin,Maintenance & Project Engineering,2026-02-22 07:06:04.992637,AU,Manufacturing,,,N/A
qilin,Complete Thermal Svc,2026-02-22 07:05:13.103045,US,Manufacturing,,,N/A
qilin,Kensington HPP,2026-02-19 14:31:49.593088,US,Manufacturing,,,N/A
qilin,O.Berk,2026-02-18 17:17:12.458528,US,Manufacturing,,,N/A
qilin,Carrera Casting,2026-02-13 17:39:42.889145,US,Manufacturing,,,N/A
qilin,C4 (Carroll County Cannabis Co.,2026-02-10 12:57:46.709242,US,Manufacturing,,,N/A
qilin,Body By Fisher,2026-02-09 15:36:16.697888,,Manufacturing,,,N/A
qilin,Gradient Wind Engineering,2026-02-09 15:35:38.159830,CA,Manufacturing,,,N/A
qilin,AMR PEMCO,2026-02-07 13:21:54.876446,US,Manufacturing,,,N/A
qilin,Mills Products,2026-01-26 04:30:34.173440,US,Manufacturing,,,N/A
qilin,Centrotherm International,2026-01-25 22:09:19.270023,DE,Manufacturing,,,N/A
qilin,Milott Laboratories,2026-01-24 05:22:28.667543,TH,Manufacturing,,,N/A
qilin,Segue Manufacturing Services,2026-01-22 00:00:00.000000,US,Manufacturing,,,N/A
qilin,YCC Parts Mfg,2026-01-18 00:00:00.000000,TW,Manufacturing,,,N/A
qilin,Fluorsid Spa,2026-01-17 07:00:19.154121,IT,Manufacturing,,,N/A
qilin,Colacem,2026-01-17 06:57:10.931704,IT,Manufacturing,,,N/A
qilin,Moen,2026-01-15 19:59:16.954175,US,Manufacturing,,,N/A
qilin,Aero-Coating,2026-01-15 19:58:38.204824,DE,Manufacturing,,,N/A
qilin,Ernest Maier,2026-01-14 17:16:37.329040,US,Manufacturing,,,N/A
qilin,Designers Mirror and Glass,2026-01-14 17:15:58.069899,US,Manufacturing,,,N/A
qilin,Superior Water Conditioning,2026-01-12 00:00:00.000000,US,Manufacturing,,,N/A
qilin,Evergreen Printing,2026-01-07 17:51:01.064911,,Manufacturing,,,N/A
qilin,Sönmezler Metal,2026-01-04 13:09:14.306112,TR,Manufacturing,,,N/A
qilin,Röben Tonbaustoffe,2026-01-02 16:22:12.443111,DE,Manufacturing,,,N/A
qilin,BNZ Materials,2025-12-31 16:20:03.521256,US,Manufacturing,,,N/A
qilin,SEACSUB S.p.a.,2025-12-29 18:26:58.814289,IT,Manufacturing,,,N/A
qilin,Sintac Recycling,2025-12-29 14:44:38.660414,ES,Manufacturing,,,N/A
qilin,Hometech Window,2025-12-26 17:55:21.443922,US,Manufacturing,,,N/A
qilin,Lynn Electrical,2025-12-25 08:32:23.063395,NZ,Manufacturing,,,N/A
qilin,Acme Electric,2025-12-22 17:57:27.888378,,Manufacturing,,,N/A
qilin,Besco Electrical,2025-12-22 17:55:08.269069,,Manufacturing,,,N/A
qilin,National Biscuit Industries,2025-12-22 17:53:42.596879,OM,Manufacturing,,,N/A
qilin,Hongfa America,2025-12-22 15:13:02.613474,US,Manufacturing,,,N/A
qilin,Titan Motor Group,2025-12-20 16:55:55.576155,US,Manufacturing,,,N/A
qilin,Greene Metal Products,2025-12-12 08:48:10.524757,US,Manufacturing,,,N/A
qilin,Vestil Manufacturing,2025-12-10 05:46:29.811681,US,Manufacturing,,,N/A
qilin,CIDEF Argentina S.A.,2025-12-10 00:00:00.000000,AR,Manufacturing,,,N/A
qilin,Acoustical Control,2025-12-07 13:53:45.601558,IN,Manufacturing,,,N/A
qilin,"Sanko Air Conditioning Co., Ltd.",2025-12-07 11:22:57.616212,JP,Manufacturing,,,N/A
qilin,Diesel Electric,2025-12-06 04:57:36.063664,ZA,Manufacturing,,,N/A
qilin,Institutional & Supermarket Equipment,2025-12-04 13:18:37.301384,US,Manufacturing,,,N/A
qilin,Mainetti UK,2025-12-03 16:54:33.059219,UK,Manufacturing,,,N/A
qilin,Brodosplit,2025-12-03 13:50:07.340602,HR,Manufacturing,,,N/A
qilin,NUMALLIANCE,2025-12-03 13:49:09.890867,FR,Manufacturing,,,N/A
qilin,Saca Industrie SpA,2025-12-02 17:39:45.512632,IT,Manufacturing,,,N/A
qilin,HASCO Hasenclever,2025-12-01 17:19:57.021721,DE,Manufacturing,,,N/A
qilin,Chenango Valley Technologies,2025-11-29 20:06:28.650725,US,Manufacturing,,,N/A
qilin,WLR Precision Engineering,2025-11-27 06:04:04.282753,GB,Manufacturing,,,N/A
qilin,Disston,2025-11-26 10:48:06.819812,US,Manufacturing,,,N/A
qilin,Eastek International,2025-11-26 08:41:33.210371,US,Manufacturing,,,N/A
qilin,HYTORC,2025-11-24 20:36:33.614111,US,Manufacturing,,,N/A
qilin,Cimertex,2025-11-20 17:13:11.684069,PT,Manufacturing,,,N/A
qilin,QuaLex Manufacturing,2025-11-18 12:18:45.933178,,Manufacturing,,,N/A
qilin,Muskoka Brewery,2025-11-13 13:43:02.866332,CA,Manufacturing,,,N/A
qilin,"Fundidora de Cananea, S.A",2025-11-13 00:00:00.000000,MX,Manufacturing,,,N/A
qilin,Mciver Engineering & Controls,2025-11-10 17:36:34.294319,US,Manufacturing,,,N/A
qilin,Gullco International,2025-11-09 11:58:51.781886,CA,Manufacturing,,,N/A
qilin,Hitzinger,2025-11-09 03:11:58.463917,AT,Manufacturing,,,N/A
qilin,Marine Turbine Technologies,2025-11-07 19:18:02.723083,US,Manufacturing,,,N/A
qilin,Gun Accessory Supply,2025-10-31 08:47:05.056190,US,Manufacturing,,,N/A
qilin,Malibu Boats Australia,2025-10-29 12:47:44.340044,AU,Manufacturing,,,N/A
qilin,Productive Tool Products,2025-10-28 13:47:50.501877,,Manufacturing,,,N/A
qilin,Essential Cabinetry Group,2025-10-25 00:00:00.000000,,Manufacturing,,,"Simpsonville, SC-based Essential Cabinetry is a manufacturer of custom, semi-custom and stock-plus kitchen and bathroom cabinetry that is sold primarily through the dealer channel. Through its three market-leading brands (Tedd Wood Fine Cabin            ..."
qilin,Gericke AG,2025-10-23 00:00:00.000000,CH,Manufacturing,,,"The Swiss Gericke Group has been designing and manufacturing equipment and systems for modern bulk material processes, as well as providing design and consultation services, for more than 125 years. Gericke bulk materials processing technolog            ..."
qilin,Northern Light Technologies,2025-10-22 00:00:00.000000,CA,Technology,,,"Founded in 1984, Northern Light Technologies (NLT) designs and manufactures underground lighting and networking solutions for the mining and tunnelling industries with manufacturing/assembly locations in Canada, Australia and Chile. Northern             ..."
qilin,KHL Printing,2025-10-22 00:00:00.000000,SG,Manufacturing,,,"KHL Printing, Singapore -  one of the largest printing companies in Southeast Asia with the most comprehensive range of services. KHL Printing offers end-to-end solutions from conceptualization to delivery of print products and other platform            ..."
qilin,Grupo Promasa,2025-10-22 00:00:00.000000,MX,Manufacturing,,,"Grupo Promasa is a company that operates in the Building Materials industry. It employs 250to499 people and has 10Mto25M of revenue. The company is headquartered in San Pedro Sula, Cortes, Honduras. The amount of downloaded data is unknown at            ..."
qilin,"Signet Armorlite, Inc.",2025-10-22 00:00:00.000000,US,Manufacturing,,,"Founded in 1947, Signet Armorlite, Inc., an optical company, designs and manufactures glass ophthalmic lenses and molds. It also distributes lenses worldwide and adhesive optical supply products in the United States. Signet Armorlite is headq            ..."
qilin,Integral Networks,2025-10-22 00:00:00.000000,US,Technology,,,"Integral Networks, Inc. is a leading IT services provider in Sacramento, specializing in responsive IT support tailored to the needs of legal firms and various other industries including construction, manufacturing, and finance. They offer a             ..."
qilin,Octomeca OY,2025-10-19 00:00:00.000000,FI,Not Found,,,"Octomeca Oy specializes in load protection solutions for transportation and warehousing, offering a range of stretch film wrapping machines designed to meet demanding packaging challenges. Their products include various series of wrapping mac            ..."
qilin,Winholt Equipment Group,2025-10-19 00:00:00.000000,US,Manufacturing,,,"Winholt Equipment Group, founded in 1946 and headquartered in Woodbury, New York, is a manufacturer of food service, food handling, and material handling equipment.
As a multiple-facilities manufacturer, we have the resources to quickly reac            ..."
qilin,Klima-Therm,2025-10-19 00:00:00.000000,PL,Manufacturing,,,"The Company provides innovative air-conditioning, ventilation, cooling and heating solutions and is rapidly growing its business in the Renewable Energy Sources (RES) segment. The flagship brands distributed by Klima-Therm include: Fujitsu, K            ..."
qilin,Stephenson's Rental Services,2025-10-19 00:00:00.000000,CA,Business Services,,,"Stephenson's Rental Services is a Canadian construction equipment and tool rental company that has been operating for over 70 years. The company provides a wide range of rentals, including construction equipment, scaffolding, and small tools,            ..."
qilin,Durvet,2025-10-17 00:00:00.000000,US,Manufacturing,,,N/A
qilin,pcdpackaging.com,2025-10-16 00:00:00.000000,US,Manufacturing,,,"Development of customized industrial packaging. Single-use racks, export packaging, packaging for power units, specialized packaging, packaging for sea containers.
1.The document is an official bank statement from PCD Packaging de México S.            ..."
qilin,dalton.com,2025-10-16 00:00:00.000000,,Not Found,,,"Founded in 1986, Dalton Pharma Services is a contract pharmaceutical company providing a full range of development and manufacturing services to pharmaceutical and research companies worldwide.
1.The document is a bank statement from MUFG Ba            ..."
qilin,Tong Yang Group,2025-10-15 00:00:00.000000,TW,Manufacturing,,,"Tong Yang Group is a manufacturer of automotive plastics, sheet metal, and cooling products, as well as motorcycle plastics products, molds, and paints. The company was founded in 1952 and is headquartered in Tainan, Taiwan."
qilin,Florida Marking Products,2025-10-15 00:00:00.000000,US,Manufacturing,,,"The Kennedy Group, an Inovar company, specializes in providing innovative labeling and packaging solutions that enhance brand visibility. They offer a wide range of high-performance products, including pressure-sensitive labels, warehouse loc            ..."
qilin,Bay West,2025-10-15 00:00:00.000000,,Not Found,,,"Bay West LLC provides environmental consulting and remediation services for government and commercial enterprises. The company offers services in the areas of industrial storm water permitting and consulting; brownfield site assessment, clean            ..."
qilin,Buanderie Blanchelle,2025-10-15 00:00:00.000000,CA,Not Found,,,"Buanderie Blanchelle specializes in the provision and maintenance of hospital textile products, offering a comprehensive turnkey service that includes product supply, post-use recovery, and distribution at a single per-kilogram rate. They pro            ..."
qilin,Rasi Laboratories,2025-10-15 00:00:00.000000,IN,Healthcare,,,"Rasi Laboratories, USA -  a manufacturer and developer of nutraceuticals, specializing in dietary supplements like capsules, tablets, probiotics, and functional foods.  Their facility in Cranbury, New Jersey, spans 198,500 square feet and is             ..."
qilin,M&E Global Group,2025-10-14 00:00:00.000000,US,Not Found,,,"M&E Global Group, Inc. USA -  specializes in point of purchase display and store fixture manufacturing, offering comprehensive services from design to production and fulfillment. Another part of this business is the production of parts such a            ..."
qilin,DV Hardwoods,2025-10-14 00:00:00.000000,CA,Manufacturing,,,"DV Hardwoods, Canada -  an undisputed leader in the hardwood lumber sector. In short, the company destroys forests in the country and sells them abroad – to the US and other countries. The company harvests traditional Canadian maple, birch,            ..."
qilin,Force Marketing,2025-10-14 00:00:00.000000,US,Technology,,,"Force Marketing, USA - Founded in 2006, Force Marketing is a leading marketing technology provider to the automotive industry, whose Helix Technologies, WeDrive Automotive and DRIVE video technology brands deliver combined synergies to optimi            ..."
qilin,Clifford Paper,2025-10-14 00:00:00.000000,US,Manufacturing,,,"Clifford Paper is a family-owned business with a deep legacy in the forest products industry, operating since 1985. They specialize in providing paper products and value-added services, focusing on production management and packaging solution            ..."
qilin,Alu Perpignan,2025-10-14 00:00:00.000000,FR,Not Found,,,"ALU Perpignan specializes in PVC and aluminum joinery for individuals and professionals, working on both residential and commercial projects. Drawing on its expertise and know-how, the company offers a wide range of products, including window            ..."
qilin,Executive Cabinetry,2025-10-14 00:00:00.000000,US,Manufacturing,,,"Located in Simpsonville, South Carolina, Executive Cabinetry is an industry leader in semi-custom and custom cabinetry. The Executive Cabinetry facility encompasses 226,000 square feet of vertically integrated manufacturing space. Simply stat            ..."
qilin,Pro-Fab,2025-10-14 00:00:00.000000,CA,Not Found,,,"Pro Fab, Inc. specializes in custom design and fabrication products and services primarily for cleanrooms and industries such as semiconductor manufacturing, medical pharmaceutical labs, and American defense. They offer a wide range of produc            ..."
qilin,Volkswagen Group France,2025-10-14 00:00:00.000000,FR,Manufacturing,,,"Volkswagen Group France, a subsidiary of Volkswagen AG, is a prominent player in the automotive industry committed to sustainable mobility. The company focuses on innovation and environmental responsibility through its six brands, addressing             ..."
qilin,Kecy Metal Technologies,2025-10-14 00:00:00.000000,US,Manufacturing,,,"Kecy Metal Technologies (formerly Kecy Corporation) was established in 1988 as a supplier of NVH components for Tier 1 Japanese transplants. Kecy has since doubled its capacity to 160,000 ft and consistently increased sales year over year. Ke            ..."
qilin,WebCut Converting,2025-10-14 00:00:00.000000,US,Manufacturing,,,"WebCut Converting, Inc. specializes in contract slitting, laminating, and sheeting services tailored for the printing, converting, medical, and industrial markets. They process a variety of substrates including films, foams, non-wovens, and p            ..."
qilin,"BHI Co., Ltd.",2025-10-13 00:00:00.000000,KR,Not Found,,,"BHI Co., Ltd. engages in the manufacturing and supplying of power plant equipment worldwide. It offers pulverized coal fired boilers, heat recovery steam generators, circulating fluidized bed combustion boilers, oil and gas boilers, industria            ..."
qilin,Dynamic Precision Sverige,2025-10-12 00:00:00.000000,SE,Manufacturing,,,"Dynamic Precision Sverige, Norway - is a company that operates in the Electronics industry. The company designs and builds complex microelectronics, starting from an idea, through prototyping and production line development to a mass producti            ..."
qilin,Atarfil,2025-10-11 00:00:00.000000,ES,Manufacturing,,,"Atarfil Sl is a company that operates in the Repair Services industry. It employs 50to99 people and has 10Mto25M of revenue. The company is headquartered in Atarfe, Andalusia, Spain"
qilin,Artan Holding,2025-10-10 00:00:00.000000,QA,Not Found,,,"Artan Holding is a Qatari family-owned holding company with a diverse portfolio of leading businesses in the Education, Real Estate, and Industrial sectors operating primarily in Qatar. Since its founding more than 25 years ago Artan Holding             ..."
qilin,Midsun Group,2025-10-09 00:00:00.000000,US,Manufacturing,,,"Midsun Group, USA specializes in extending the life of power utility equipment through premium silicone covers and coatings. Their innovative products provide solutions for wildlife intrusion and environmental contamination, enhancing reliabi            ..."
qilin,kecymetals.com,2025-10-04 00:00:00.000000,US,Manufacturing,,,"Kecy Metal Technologies, USA - Terrible management, outdated equipment, uncompetitive salaries. This is how employees describe working conditions at Kecy Metal Technologies on condition of anonymity. The company was founded in 1988 in Michiga            ..."
qilin,Beta Dyne,2025-10-03 00:00:00.000000,US,Technology,,,"Beta Dyne, USA - develops and manufactures electrical equipment for the industrial plants, communications и medical. With over 20 years in the power industry, Beta Dyne, Inc. has developed a wide range of unique and high performance power pr            ..."
qilin,"Asahi Group Holdings, Ltd.",2025-09-28 00:00:00.000000,JP,Agriculture and Food Production,,,"Asahi Group Holdings, Japan - a leading manufacturer of beer and non-alcoholic beverages in Japan. Asahi is headquartered in Sumida, Tokyo. It ranked 593rd on the Forbes Global 2000 list of the world's largest companies in 2023. The company's            ..."
qilin,Asahi Group Holdings,2025-09-28 00:00:00.000000,JP,Agriculture and Food Production,,,"Asahi Group Holdings, founded in 1889 and headquartered in Tokyo, Japan, is a global food and beverage manufacturer specializing in both alcoholic and non-alcoholic beverages as well as snack products. The company operates across multiple int            ..."
qilin,grupobocel.com,2025-09-25 00:00:00.000000,CO,Not Found,,,"Grupo Bocel is a holding company comprising two companies: La Dominicana Industrial and Molinos Valle del Cibao, located in Santiago de los Caballeros, Dominican Republic.La Dominicana Industrial manufactures and sells pasta, while Molinos Va            ..."
qilin,oconnorcp.com,2025-09-25 00:00:00.000000,,Not Found,,,"O'Connor Capital Partners is a real estate investment company specializing in retail, office, industrial, residential, and multifamily properties in major cities across North America and Europe. The company was founded in 1983 and is headquar            ..."
qilin,www.chinup.com.tw,2025-09-23 00:00:00.000000,TW,Not Found,,,"Chinup Technology Co., Taiwan - Chinup specializes in manufacturing Cutting Presses, Die Cutting Machines, Automated Cutting Systems, and Card Processing Machinery. Established in 2001, the company expanded its expertise to include solar modu            ..."
qilin,www.apm-finance.de,2025-09-23 00:00:00.000000,DE,Financial Services,,,"APM Finance GmbH, Germany specializes in outsourced accounting services specifically designed for the automotive industry. The company offers comprehensive accounting, payroll, management accounting, and control consulting services. The compa            ..."
qilin,cegconstruction.com,2025-09-20 00:00:00.000000,US,Construction,,,CEG Construction is on a path to self-destruction. This company is an industrial contractor based in Southern California that specializes in the construction of concrete warehouses and food processing facilities. They offer comprehensive desi            ...
qilin,XCAssociates,2025-09-17 00:00:00.000000,,Not Found,,,"XC Associates, USA specializes in the design and manufacturing of advanced carbon glass fiber composites tailored for various high-performance industries including medical, aerospace, energy, and consumer sectors. They offer a comprehensive r            ..."
qilin,denali-industrial.com,2025-09-12 00:00:00.000000,US,Manufacturing,,,"Denali Industrial Supply - a knockout blow to its reputation. For 35 years, Denali Industrial Supply has been a supplier of high-quality industrial tools, fasteners, and accessories in Alaska. They work with many well-known manufacturers, inc            ..."
qilin,smpeurope.com,2025-09-12 00:00:00.000000,GB,Manufacturing,,,"SMP EUROPE, a family-owned business based in Nottingham, has been supplying engine management and ignition components to original equipment manufacturers and the aftermarket for over 50 years. We have achieved success in a competitive market             ..."
qilin,Frisquet,2025-09-12 00:00:00.000000,FR,Manufacturing,,,"Frisquet, France - is a manufacturer specializing in gas boilers and renewable energy solutions, offering a range of products including heat pumps, hot water tanks, and hybrid systems. Their offerings are aimed at both residential and collect            ..."
qilin,Pieffe Auto Group,2025-09-11 00:00:00.000000,IT,Not Found,,,"Pieffe Auto Group is a leading multi-brand automotive dealership network based in the Abruzzo region of Italy. 
The group represents a wide portfolio of car brands, including Peugeot, Citroën, DS Automobiles, Opel, Fiat, Jeep, Alfa Romeo, H            ..."
qilin,Mechatronics,2025-09-06 00:00:00.000000,,Technology,,,"Mechatronics, Inc. USA specializes in providing a wide range of AC, DC, and EC fans and blowers, including accessories and custom assemblies, catering to industries such as telecom, medical, industrial, alternative energy, lighting displays,             ..."
qilin,regalmold.com,2025-09-04 00:00:00.000000,US,Manufacturing,,,"We design and manufacture custom molds, components, and many other types of tools and assemblies for a wide range of customers.To manufacture custom products, we use precision machining on CNC machines, 5-axis machining, electrical discharge             ..."
qilin,flamgard.co.uk,2025-09-03 00:00:00.000000,GB,Manufacturing,,,"Flamgard Calidair, UK is global force in the design, innovation, and manufacture of high-integrity damper products for numerous applications including tunnels, marine vessels, and nuclear power stations. Now multiple buildings where Flamgard             ..."
qilin,L&S Proline,2025-08-30 00:00:00.000000,,Not Found,,,"L&S Proline, USA - Drill, baby, drill! L&S Proline is a full-service company specializing in solutions for the oil and gas industry, offering a range of products and services, including measurement control equipment, structural fabrication, a            ..."
qilin,Rivertown Surgey Center,2025-08-30 00:00:00.000000,US,Healthcare,,,"Rivertown Surgery Center is a Medicare-certified ambulatory surgical center specializing in outpatient procedures.
The facility offers general surgery, pain management, foot surgery, and radiology services, supported by modern equipment.
It            ..."
qilin,nrlassoc.com,2025-08-25 00:00:00.000000,US,Not Found,,,"NRL Associates, Inc. USA. The company manufactures machine tooled parts for a variety of customers. 10 years ago, the company significantly expanded and moved into a new 55,000 square foot state-of-the-art facility. They now have the most mod            ..."
qilin,hydrometrics.com,2025-08-25 00:00:00.000000,US,Technology,,,"Hydrometrics, Inc., USA delivers professional scientific and engineering services to various sectors including industrial, commercial, municipal, and private clients across the United States. With over 40 years of experience, the company spec            ..."
qilin,gibbswire.com,2025-08-25 00:00:00.000000,US,Manufacturing,,,"Gibbs Interwire, USA, is the nation's leading processor and distributor of Strip Coil and Wire Products in Stainless Steel, Carbon Steel, Nickel Alloys, and Red Metals. The company is continually growing and increasing production capacity thr            ..."
qilin,Osaki Medical,2025-08-24 00:00:00.000000,JP,Healthcare,,,"Osaki Medical is a Japanese company, established in 1936, that manufactures and markets safe, functional, and cost-effective medical supplies, sanitary materials, cosmetics, and medical equipment for the medical and nursing care industries. T            ..."
qilin,www.gillette-ac.com,2025-08-21 00:00:00.000000,US,Not Found,,,"Gillette Air Conditioning Company, USA specializes in air conditioning, heating, refrigeration, and boilers for commercial and industrial facilities. The company prides itself on safety, quality, and productivity, utilizing advanced technolog            ..."
qilin,www.greneker.com,2025-08-21 00:00:00.000000,US,Manufacturing,,,"Greneker, USA - boobs and slaves. The company manufactures mannequins for clothing stores and entertainment centers. Its clients include major international brands such as Disney and Under Armour. The published date reveals the unpleasant sid            ..."
qilin,idscorporation.com,2025-08-20 00:00:00.000000,JP,Technology,,,"It is a systems engineering company providing consulting, design, and manufacturing services for a wide range of airborne and ground-based unmanned systems.
1.Technical appendix with a statement of compliance with the requirements of the Ken            ..."
qilin,lee-irvine.com,2025-08-20 00:00:00.000000,US,Not Found,,,"Lee & Associates Irvine Inc. is a law firm specializing in representing clients in the acquisition, sale, and leasing of various commercial real estate properties, including industrial, office, retail, and medical properties.
1.The document             ..."
qilin,welldone.com.tw,2025-08-20 00:00:00.000000,TW,Manufacturing,,,"Welldone Company is the first legal remittance company for migrant workers in Taiwan：
Approved by the Financial Supervisory Commission to conduct financial technology innovation experiments for migrant workers’remittances in 2018.
Obtai            ..."
qilin,diversifiedcpc.com,2025-08-18 00:00:00.000000,US,Manufacturing,,,"Diversified CPC International, USA manufactures products whose name is not known to the general public. The company is a world leader in the development, manufacture and distribution of aerosol propellants, hydrocarbon refrigerants, biomass s            ..."
qilin,Nissan CBI,2025-08-16 00:00:00.000000,JP,Manufacturing,,,"The ""Nissan Creative Box"" refers to a design studio in Tokyo, previously known as a satellite design base for Nissan, and is now part of the larger Nissan design network. 
It is located in the Harajuku district of Tokyo. 
The studio was est            ..."
qilin,marma.com.pl,2025-08-15 00:00:00.000000,PL,Not Found,,,"MARMA Polskie Folie is one of the largest plastics processors in Europe. The company produces products for agriculture, horticulture, construction and packaging industries. Internally, the company employs more than 1,000 people. On 08/8/25, t            ..."
qilin,ethicalpackaging.co.uk,2025-08-13 00:00:00.000000,UK,Manufacturing,,,"Ethical Packaging, UK, is a company that provides printing services and packaging production. The company works with world-renowned brands such as Hermes and the Ferrero Group. Thanks to the publication of the company's internal data, anyone             ..."
qilin,Uganda Electricity Transmission Company Limited,2025-08-12 00:00:00.000000,UG,Energy,,,Uganda Electricity Transmission Company Limited organizes the delivery of electricity within the country and to nearby countries. the company actively cooperates with other countries such as the USA. UETCL buys technology and equipment from t            ...
qilin,Spohn + Burkhardt GmbH & Co KG,2025-08-09 00:00:00.000000,DE,Manufacturing,,,"At Spohn + Burkhardt, Germany produce custom control transmitters, control systems and resistors that are robust and comfortable. These are highly customized and complex products that are often designed and manufactured in a single piece. On             ..."
qilin,lpco.co,2025-08-07 00:00:00.000000,US,Not Found,,,"Lawrence Paper specializes in the design and manufacture of corrugated boxes and packaging solutions. The company offers a wide range of services, including industrial boxes, retail-ready packaging, custom box manufacturing, as well as digita            ..."
qilin,CIMEXSTEEL.CZ,2025-08-07 00:00:00.000000,CZ,Manufacturing,,,The Czech holding company CS STEEL a.s. manufactures and sells metal structures for private and public sector clients. A small company that failed to protect its infrastructure has put dozens of its clients at risk. These are not private indi            ...
qilin,Çağrı Group,2025-08-07 00:00:00.000000,TR,Not Found,,,"Çağrı Elektrik - Çağrı Grup A.Ş. is a Turkish company that specializes in providing electrical materials, project contracting, renewable energy solutions, switchboard manufacturing, medium voltage systems, low voltage systems, and engi            ..."
qilin,ferrocortes,2025-08-06 00:00:00.000000,CO,Not Found,,,"Ferrocortes S.A.S is a leader in high-quality steel solutions for heavy machinery and hardware from Colombia. The company provides customized steel products such as sheets and profiles, catering to various industrial sectors including mining,            ..."
qilin,Clifford Paper Inc,2025-08-05 00:00:00.000000,US,Manufacturing,,,"Clifford Paper Inc, USA - is a family-owned business with a deep legacy in the forest products industry, operating since 1985. They specialize in providing paper products and value-added services. Clifford Paper maintains strong relationships            ..."
qilin,haaker.com,2025-08-04 00:00:00.000000,US,Not Found,,,"Haaker Equipment Company manufactures sweepers, sludge suction machines, and spare parts for them. The company was founded in 1972 and is headquartered in Los Angeles, California.
1.The document is invoice No. 3300290201 from Nilfisk Inc., i            ..."
qilin,Aggressive Air Compressor & co,2025-08-03 00:00:00.000000,,Manufacturing,,,"We have full control of your systems, including:
✅ All invoices
✅ Customer databases (names, addresses, contact details)
✅ Scanned documents (IDs, driver’s licenses, confidential files)
✅ Financial records & other sensitive data            ..."
qilin,cadex.com,2025-08-01 00:00:00.000000,CA,Technology,,,"Cadex Electronics specializes in the design and manufacturing of diagnostic chargers, battery analyzers, and rapid testers aimed at optimizing battery performance and longevity. Their products serve a variety of sectors including military, me            ..."
qilin,tissot.com,2025-07-29 00:00:00.000000,CH,Not Found,,,"TISSOT Industrie is an internationally recognized French company, expert in heavy boilermaking and in the realization of tailor-made industrial projects.



Since 1942, the TISSOT company has studied, manufactured, transported and assembl            ..."
qilin,Krusell,2025-07-21 00:00:00.000000,TH,Technology,,,"Adiantes is a Thailand-based manufacturer specializing in premium quality sustainable leather goods, including handmade handbags, belts, and various accessories. The company focuses on bespoke product design, blending traditional craftsmanshi            ..."
qilin,jtekt.eu,2025-07-21 00:00:00.000000,JP,Manufacturing,,,"JTEKT Corporation manufactures and sells steering systems, transmission components, bearings, machine tools, electronic control devices, home appliances, etc. It has its headquarters in Japan and offices in Europe, North America, Asia, Oceani            ..."
qilin,ARCTICGROUP,2025-07-19 00:00:00.000000,,Not Found,,,"Arctic Glacier is North America’s leading manufacturer and direct-to-store distributor (DSD) of premium quality packaged ice, ice equipment and related services. Since its start in 1882, Arctic Glacier has grown significantly through strate            ..."
qilin,www.balkankalip.com,2025-07-17 00:00:00.000000,TR,Manufacturing,,,"Founded in Istanbul in 1998, Balkan Kalıp is a company that produces molds and mass-produces parts to meet the needs of the automotive industry. With a solution-oriented approach and a vision of sustainable and continuous development, Balkan            ..."
qilin,Specialty Components,2025-07-16 00:00:00.000000,,Not Found,,,"Specialty Components incorporated has over 30 years experience in designing and manufacturing precision air bearings for semiconductor manufacturing, machine components and metal optics.  Our standard product lines include linear, spherical a            ..."
qilin,Yapi Teknik Proje,2025-07-16 00:00:00.000000,TR,Construction,,,"Yapı Teknik was established in Istanbul in 1988 to operate in the static design & project planning and implementation of reinforced concrete, steel and timber structures in all national and international fields.

Yapı Teknik, with its qua            ..."
qilin,ProActive Solutions USA,2025-07-15 00:00:00.000000,US,Manufacturing,,,"Based in Green Bay, Wis. ProActive Solutions USA, LLC is a privately held, ISO 9001 company that is a manufacturer of sanitizers, cleaning chemicals and herd health products for the farm and food industries. They are also a distributor of com            ..."
qilin,WH Rogers Sheet Metal,2025-07-15 00:00:00.000000,US,Manufacturing,,,"WH Rogers Sheet Metal has specialized in the custom fabrication of metal parts for over 50 years, serving the Carolinas with advanced computerized technologies. They offer services based on client designs or with assistance from their CAD dep            ..."
qilin,pinnacle Roofing and Exteriors,2025-07-13 00:00:00.000000,US,Construction,,,"Pinnacle Roofing and Exteriors, Inc. is a roofing and exteriors company located in Charlotte, NC, specializing in a variety of roofing solutions including metal, slate, and traditional shingles, as well as gutter services and custom metal fab            ..."
qilin,VM Racing,2025-07-13 00:00:00.000000,IT,Not Found,,,"VM Racing, is a retail company specializing in sports merchandise and equipment. The company deals with the sale of sporting goods, mainly related to the motorcycle sector.We hacked VM Racing and managed to obtain 1.041.539 files, worth 83GB.            ..."
qilin,WIBAIE,2025-07-10 00:00:00.000000,IE,Not Found,,,"WIBAIE, a joinery specialist for over 50 years. Based in Cholet (Maine-et-Loire), WIBAIE is a key player in the French window and door market. Our business is 100% dedicated to Building & Housing distribution, and our industrial expertise has            ..."
qilin,http://www.balkankalip.com,2025-07-08 00:00:00.000000,TR,Manufacturing,,,"Founded in Istanbul in 1998, Balkan Kalıp is a company that produces molds and mass-produces parts to meet the needs of the automotive industry. With a solution-oriented approach and a vision of sustainable and continuous development, Balkan            ..."
qilin,Ridewill SRL,2025-07-07 00:00:00.000000,IT,Transportation/Logistics,,,"Ridewill, is a retail company specializing in sports merchandise and equipment. The company deals with the sale of sporting goods, mainly related to the cycling sector. Our team managed to breach Cenomi Retail network. We hacked Ridewill and             ..."
qilin,volpatoindustrie.it,2025-07-07 00:00:00.000000,IT,Manufacturing,,,"Since 1974, Volpato Industrie has been working with the aim of continuously improving the technical and aesthetic quality of its products. An approach totally oriented towards customer satisfaction that has allowed the company to develop the             ..."
qilin,Mainetti,2025-07-02 00:00:00.000000,IT,Manufacturing,,,"Headquartered in The Scottish Borders, United Kingdom, Mainetti is a manufacture and supplier of packaging for the fashion industry and a provider of smart retail solutions.For over sixty years, Mainetti has been a trusted partner to the worl            ..."
qilin,https://www.injusa.com/,2025-07-02 00:00:00.000000,ES,Manufacturing,,,"INJUSA was born as a family business, and we can say today that it still preserves that spirit of unity, teamwork, and continuous improvement. This spirit is evident in the results of the more than 850,000 toys it produces each year, in its d            ..."
qilin,ryeco.com,2025-07-02 00:00:00.000000,US,Not Found,,,"Ryeco is an international company that services and manufactures paper, hygiene products, and recycling materials such as paper, hygiene products, nonwoven materials, films, foil, labels, packaging, metals, plastics, printing, printing, glass            ..."
qilin,parsons-peebles.com,2025-07-01 00:00:00.000000,GB,Manufacturing,,,"Parsons Peebles is a global mechanical and electrical engineering service provider specializing in high, medium and low voltage motors, generators, pumps, gearboxes and compressors.
1.QOS (Quality of Services) and TDC Parsons Peebles Agreeme            ..."
qilin,www.nuphoton.com,2025-06-30 00:00:00.000000,US,Technology,,,"Nuphoton Technologies, Inc. is a pioneer in fiber lasers and fiber amplifiers with applications covering industrial, defense, aerospace, biomedical, telecommunications and research areas. The company is in operation since 1996 using proprieta            ..."
qilin,semco-tech.com,2025-06-30 00:00:00.000000,FR,Technology,,,"SEMCO Technologies is a France-based expert in electrostatic chucks (ESCs), essential components in semiconductor device manufacturing. The company focuses on delivering advanced and tailored wafer handling solutions to meet the needs of larg            ..."
qilin,elpasoglass.com,2025-06-27 00:00:00.000000,US,Manufacturing,,,"We are commited to being one of the best and highest quality commercial contract glazing firms in the rocky mountain region. While specializing in Curtainwall, Storefront and Commercial windows we understand how important scheduling and compl            ..."
qilin,Windsor Door,2025-06-27 00:00:00.000000,US,Manufacturing,,,"Windsor Door, Inc., founded in 1976 and based in Little Rock, Arkansas, is a recognized manufacturer specializing in garage door solutions for both residential and commercial applications. The company’s offerings include embossed steel pane            ..."
qilin,Airedale Springs,2025-06-25 00:00:00.000000,GB,Manufacturing,,,Established in 1945 Airedale Springs Ltd is a successful family business which has gained a World-Wide reputation for up to the minute expertise for the manufacture of quality springs and wire forms for many national and international custome            ...
qilin,Bronze Craft,2025-06-22 00:00:00.000000,US,Manufacturing,,,"The company has failed to negotiate with us. New files will be published every 12 hours.

File directory: http://securo45z554mw7rgrt7wcgv5eenj2xmxyrsdj3fcjsvindu63s4bsid.onion/BronzeCraft/

-- Files of interest --"
qilin,rioglass-solar,2025-06-19 00:00:00.000000,US,Manufacturing,,,"Founded in 2007, Rioglass Solar is now the largest CSP mirror supplier in the world with cutting edge production facilities in Spain, the United States and South Africa. Rioglass Solar has supplied worldwide more than seven million mirrors fo            ..."
qilin,nardinifire.com,2025-06-18 00:00:00.000000,IT,Manufacturing,,,"All data of this company will be available for download on 28.06.2025.Nardini Fire Equipment is a family owned and operated company based in Minnesota and North Dakota, specializing in complete fire protection solutions for businesses of all             ..."
qilin,shinko plastics co. ltd,2025-06-16 00:00:00.000000,JP,Manufacturing,,,"Shinko plastics co. ltd Sales of plastic sheet, plastic film, raw material, and related sub-material and plastic finished goods. The company has several offices throughout Japan and is one of the leaders in this industry. The company's financ            ..."
qilin,conlonproducts.net,2025-06-15 00:00:00.000000,US,Not Found,,,"We offer a solution. As you know, Conlon Products is a local, family-owned, wholesale distributor of paper products, cleaning supplies, safety products and janitorial equipment serving the Merrimack Valley for over 50 years. We have great pro            ..."
qilin,moserengineering.com,2025-06-14 00:00:00.000000,US,Manufacturing,,,"The full leak will be published soon, unless a company representative contacts us via the channels provided. Moser Engineering manufactures and sells High Performance Rear-ends, drive-line components, brakes and suspension parts to the afterm            ..."
qilin,spg.net,2025-06-14 00:00:00.000000,CH,Not Found,,,"The full leak will be published soon, unless a company representative contacts us via the channels provided. SPG Construction LLC specializes in heavy industrial construction and process systems for capital-intensive projects across the Unite            ..."
qilin,gudeco.de,2025-06-13 00:00:00.000000,DE,Manufacturing,,,"Gudeco Elektronik has been a contractual partner of leading manufacturers in the electronics industry for more than 40 years – well known as a specialist and distributor for electronic components / passive and electromechanical components,             ..."
qilin,haydist.com,2025-06-12 00:00:00.000000,,Not Found,,,"All data of this company will be available for download on 26.06.2025.Hayward is a family-owned, two-stage distribution company focused on dealers in the outdoor power equipment, small engine, farm equipment, construction, forestry, furnace a            ..."
qilin,cypress,2025-06-12 00:00:00.000000,US,Technology,,,"Cypress Industries is a global, vertically-integrated contract manufacturer specializing in PCB assemblies, sheet metal fabrication, wire harnesses, custom cables, custom control panels, and plastic injection molding. The company provides val            ..."
qilin,faycom,2025-06-12 00:00:00.000000,ES,Not Found,,,"Faycom specializes in providing replacement parts and accessories for various types of vehicles, including trucks, vans, and agricultural machinery. Their extensive product range includes special lighting, safety components, and equipment for            ..."
qilin,titantrailers.com,2025-06-11 00:00:00.000000,CA,Transportation/Logistics,,,"The full leak will be published soon, unless a company representative contacts us via the channels provided.Titan Trailer Mfg., manufactures Cargo, Stock and Horse Trailers. All trailers are made with Steel frames and galvanneal metal. We hav            ..."
qilin,nucamprv.com,2025-06-11 00:00:00.000000,US,Manufacturing,,,"The full leak will be published soon, unless a company representative contacts us via the channels provided.nuCamp RV (http://nucamprv.com) manufactures the highest quality recreational vehicles on the market today. Integrity lies at the core            ..."
qilin,"Quaser Machine Tools, Inc",2025-06-11 00:00:00.000000,TW,Manufacturing,,,"Quaser Machine Tools, Inc. is a Taiwan-based company that manufactures and sells various machine tools, primarily CNC (computer numerical control) machine tools. 

Our team managed to breach the QMT network. 
2TB of sensitive data leaked f            ..."
qilin,rmzoilfield.com,2025-06-09 00:00:00.000000,SG,Energy,,,"RMZ Oil field was established by the team of oilfield experts with respective experience in providing ""complete solution for oilfield industry"", RMZ is a Singapore based company specializes in design and manufacturing of oilfield Equipment's             ..."
qilin,girv,2025-06-08 00:00:00.000000,IT,Manufacturing,,,"Girva International Broker Srl is a company that operates in the Automobile Dealers industry. It employs 10to19 people and has 1Mto5M of revenue. The company is headquartered in Castellammare di Stabia, Campania, Italy.GI.R.VA. INTERNATIONAL             ..."
qilin,exhibits-intl.com,2025-06-06 00:00:00.000000,US,Business Services,,,"Founded in 1961, kubik maltbie produces experiences for museums, visitor centers, and exhibition projects. It offers fabrication and installation services, exhibit design and production, and creation of interactive exhibits. The company is he            ..."
qilin,britteninc.com,2025-06-05 00:00:00.000000,US,Manufacturing,,,"All data of this company will be available for download on 19.06.2025.Britten is a creative production house dedicated to creating innovative signage, displays and event branding solutions that set our clients apart from the crowd. Utilizing             ..."
qilin,regentscapital.com,2025-06-05 00:00:00.000000,US,Financial Services,,,All data of this company will be available for download on 17.06.2025.Regents Capital Corporation is a rapidly growing independent commercial equipment finance firm committed to changing the way companies finance equipment. Regents believes i            ...
qilin,Valtorta,2025-06-04 00:00:00.000000,IT,Not Found,,,"Valtorta, Italy -  develops and manufactures industrial cranes. Valtorta is the natural evolution of TRASMEC srl that has been especially operating in the sector of the bridge cranes since 1969. Its highly skilled staff includes a lot of tech            ..."
qilin,upstartpower.com,2025-06-03 00:00:00.000000,US,Technology,,,"All data of this company will be available for download on 23.06.2025. Upstart Power was founded in 2018 with a mission to design and manufacture solid oxide fuel cell (SOFC) generators that will make a sensation in the market, are reliable,             ..."
qilin,sky,2025-06-02 00:00:00.000000,SG,Manufacturer,,,"Established in 1987, Sky-mac is specialised in Air-Conditioning and Mechanical Ventilation (ACMV), HVAC system, related services, which encompasses the designing, installation, service, maintenance and repair of ACMV systems.

Sky-mac has o            ..."
qilin,Astro Industries Inc.,2025-05-31 00:00:00.000000,US,Not Found,,,"Astro Industries, Inc. is engaged in the manufacturing and distribution of Military and Commercial wire, cable, cable assemblies, shrink tubing, and value-added products and services. We also stock a variety of military and commercial knobs,             ..."
qilin,www.shautoparts.com,2025-05-30 00:00:00.000000,CN,Manufacturing,,,"At SH Auto Parts, we leverage cutting-edge computerized and robotic technologies to deliver precision-engineered auto components. Our fully automated smart factory ensures the highest levels of quality and safety throughout the manufacturing             ..."
qilin,radicon,2025-05-30 00:00:00.000000,IN,Manufacturing,,,"The Radicon product range, not only consists of the traditional standard product offering of worm gears, geared motors, couplings and industrial reducers, but also includes custom engineered gearboxes with an output torque range over 50 milli            ..."
qilin,FLOE International,2025-05-30 00:00:00.000000,US,Manufacturing,,,"FLOE International, Inc. engages in the manufacture of aluminum docks, boat lifts, and trailers. It offers modular docks, roll-in docks, floating docks, dock accessories, boat lift accessories, snowmobile trailers, enclosed trailers, utility             ..."
qilin,hallmarknameplate.com,2025-05-29 00:00:00.000000,US,Manufacturing,,,"All data of this company will be available for download on 14.06.2025.Hallmark Nameplate is located in a 30,000 square foot manufacturing facility in the heart of Central Florida. Since 1957, our engineering and manufacturing teams have been             ..."
qilin,tmcousa.com,2025-05-29 00:00:00.000000,US,Transportation/Logistics,,,"All data of this company will be available for download on 09.06.2025. TMCo, Inc. - an Oklahoma corporation specializing in the manufacture of orifice fittings for natural gas metering.The company was founded in September 2003 and has manufac            ..."
qilin,ccllabel.com,2025-05-29 00:00:00.000000,US,Manufacturing,,,"All data of this company will be available for download on 12.06.2025.Operating in the packaging and advertising industry for over sixty years, CCL is a global leader in the supply chain of innovative, high-quality packaging, promotional medi            ..."
qilin,Cenomi Retail,2025-05-28 00:00:00.000000,JP,Not Found,,,"Cenomi Retail, founded in 1990, is a retail company specializing in sports merchandise and equipment. With operations across North America, the Middle East, Africa, and Asia, the company offers both business-to-business and direct-to-consumer            ..."
qilin,appotech,2025-05-25 00:00:00.000000,HK,Technology,,,"AppoTech is a semiconductor company who provides one-stop solution in IC design and application development. It was founded in 2003 by Mr. Cheng Cheuk Wing from Silicon Valley in the United States. AppoTech is headquartered in HongKong, and h            ..."
qilin,Chalmers Suspensions International,2025-05-23 00:00:00.000000,CA,Manufacturing,,,"Chalmers Group is a privately owned corporation with subsidiaries in the U.S. and Canada, offering niche quality products to medical and transportation equipment industries since 1992. For the last 50+ years their high performing suspension p            ..."
qilin,Berko İlaç Ve Ki̇mya San Aş,2025-05-22 00:00:00.000000,TR,Manufacturing,,,"Pharmacist Berat Beran, who started to work with the thought ""I received education to produce medicine, not to present it"" from the first day of his career, first realised his love of production in his pharmacy. Berat Beran, who later continu            ..."
qilin,tennsco.com,2025-05-20 00:00:00.000000,US,Manufacturing,,,"All data of this company will be available for download on 1.06.2025.Founded in 1961, Tennsco manufactures and supplies storage and archiving systems, steel office furniture, industrial and institutional systems, shelving, lockers, and commer            ..."
qilin,brucknertruck.com,2025-05-20 00:00:00.000000,US,Transportation/Logistics,,,"All data of this company will be available for download on 18.06.2025.Founded in 1932, Bruckners Truck & Equipment offers a wide range of trucks and trailers, semi-trailer repair, and an extensive parts catalog. The company is headquartered i            ..."
qilin,Centralno grijanje Tuzla,2025-05-19 00:00:00.000000,BA,Manufacturing,,,"The central heating of the city of Tuzla was established in 1977 and since then has provided its users with central heating services that cannot be compared in terms of reliability, quality, and price to any other type of heating in Bosnia an            ..."
qilin,dcinvestors.com,2025-05-15 00:00:00.000000,,Financial Services,,,"All data of this company will be available for download on 24.06.2025.Duff Capital Investors is a conglomerate of more than 20 companies operating in a variety of sectors, including trucking, tires, automotive, construction, energy and insura            ..."
qilin,www.bestop.com,2025-05-08 00:00:00.000000,US,Manufacturing,,,"In the shadow of the Rocky Mountain foothills in 1954, Tom Bradley started Bestop in a small upholstery shop in Boulder, Colorado. He envisioned a Jeep top that could easily open up to let in the pine-scented air and warm sun, making his driv            ..."
qilin,NSS 長崎船舶装備株式会社,2025-05-06 00:00:00.000000,JP,Manufacturing,,,"Since our founding in 1943, our shipbuilding business has supported Japan's shipbuilding industry with interior construction work. We boast the long history and track record of excellence in the ship interior industry, with a national market             ..."
qilin,teamhorner.com,2025-05-02 00:00:00.000000,US,Not Found,,,"All data of this company will be available for download on 11.06.2025.Team Horner is a family of companies operating in various fields in the pool and spa industry worldwide. Founded in 1969, Team Horner is an integrated manufacturer, wholesa            ..."
qilin,Matrix New World Engineering,2025-04-30 00:00:00.000000,US,Manufacturing,,,"Matrix New World Engineering is a company of engineering and science experts who focus on some of the nation's most pressing long-term challenges, including climate change, resiliency, ecological restoration, contamination studies, water supp            ..."
qilin,cwcglobal.com,2025-04-29 00:00:00.000000,GB,Telecommunication,,,"All data of this company will be available for download on 29.05.2025.Provider of industrial supplies and packaging solutions. The company serves a variety of industries, including agriculture, construction, warehousing, marine and food proce            ..."
qilin,RC Manubhai,2025-04-28 00:00:00.000000,FJ,Not Found,,,"R.C. Manubhai & CO. PTE LTD, known as the best hardware in town has been providing Fiji and the Pacific with Hardware, Building Materials and Steel for over 100 years.
We have financial data, personal data, and confidential internal data."
qilin,Megachem Singapore,2025-04-28 00:00:00.000000,SG,Manufacturing,,,"Propelled by a vision to be a leading chemical player, MegaChem has evolved through the decades to become a valued chemical solutions provider to its business partners; one that is able to meet its customers' needs through innovation and valu            ..."
qilin,www.unitedcaps.com,2025-04-23 00:00:00.000000,LU,Manufacturing,,,"UNITED CAPS enables Total Packaging Solutions with the help of innovation, differentiated design, pioneering use of technology and services. They are based in Luxembourg.UNITED CAPS is a visionary, international pioneer in the packaging indus            ..."
qilin,bostonconveyorandautomation.com,2025-04-20 00:00:00.000000,US,Manufacturing,,,"All data of this company will be available for download on 11.05.2025.BCA, Boston Conveyor & Automation took its name from a city with a revolutionary history that has shaped itself into a world-class, technology-driven metropolis. Like that             ..."
qilin,universalwindow.com,2025-04-17 00:00:00.000000,US,Manufacturing,,,"Universal Window and Door, LLC engages in the design, manufacture, and supply of custom window solutions for historic restoration and new commercial construction projects. The company offers steel replica, historic, projected/casement, double            ..."
qilin,MS SUPPLY CHAIN SOLUTIONS (MALAYSIA) SDN. BHD,2025-04-12 00:00:00.000000,MY,Transportation/Logistics,,,"All data will be published online on Apr.20.
MS Supply Chain Solutions (Malaysia) Sdn Bhd – (MSCSM) is Subsidiary of MITSUI-SOKO Supply Chain Solutions, Inc.
This company provides integrated high quality logistics services such as factory            ..."
qilin,raymurray.com,2025-04-04 00:00:00.000000,US,Manufacturing,,,"All data of this company will be available for download on 14.04.2025. Since its humble beginnings in 1973, Ray Murray, Inc. (RMI) has grown into one of the largest distributors of propane gas equipment and appliances in the United States.  F            ..."
qilin,Wildeck Inc,2025-03-27 00:00:00.000000,US,Manufacturing,,,"Over 500 GB of files downloaded from their servers . Company has 48 hours to contact us before we publish the data .

Wildeck, Inc. headquartered in Waukesha, WI, is a subsidiary of Holden Industries, a 100 percent employee-owned company.              ..."
qilin,Groupe des Industries Métallurgiques,2025-03-24 00:00:00.000000,FR,Manufacturing,,,"All data will be published on Mar.30. The GIM, Groupe des Industries Métallurgiques, is the employers' union for the metal industry, which brings together the vast majority of companies in the metal industry in the Paris region. It is the ma            ..."
qilin,Luff Industries,2025-03-20 00:00:00.000000,CA,Manufacturing,,,"All data will be available on Mar.27. Luff Industries Ltd. has been manufacturing quality conveyor components, including idlers with patented polymer endcaps and pulleys with an industry-leading rim thickness, to an international market for o            ..."
qilin,charlesjones.ca,2025-03-19 00:00:00.000000,CA,Not Found,,,"All data of this company will be available for download on 08.04.2025. A family business operating in Canada for more than 60 years we source and supply equipment for a variety of industries, including, agriculture, automotive, construction,             ..."
qilin,SMC Corporation,2025-03-17 00:00:00.000000,JP,Manufacturing,,,"SMC EU, the European division of the Japanese company SMC founded in 1959, specializes in developing and manufacturing cutting-edge solutions in pneumatics and automation. With two technical centers in the UK and Germany and a team of 1,700 e            ..."
qilin,Worldlawn Power Equipment,2025-03-17 00:00:00.000000,US,Manufacturing,,,"Based in Beatrice, Nebraska, Worldlawn Power Equipment emphasizes quality machines at a great value. Worldlawn Power Equipment manufactures outdoor power equipment that currently includes professional and residential lawnmowers and snow throw            ..."
qilin,Ricardo Rodriguez,2025-03-15 00:00:00.000000,CL,Not Found,,,"Ricardo Rodríguez & Cía. Ltda. - is a company engaged in the import and distribution of computer accessories and equipment, which sells its products through distributors and private companies. And also very bad about the security of its cus            ..."
qilin,"Yushin America, Inc",2025-03-12 00:00:00.000000,US,Manufacturing,,,"Yushin America, Inc. was established in 1988 to support North American sales. Yushin America has 70,000 sq. feet dedicated to manufacturing robots and custom downstream automation. Design; fabrication; assembly; runoff; testing; final packagi            ..."
qilin,The Komec,2025-03-08 00:00:00.000000,BE,Not Found,,,"What makes Komec truly unique is that its vision and philosophy are not just empty statements that serve no purpose. As the driving force of both factory and product, our two essential values of reliability and honesty, are shared by the enti            ..."
qilin,prelco.ca,2025-03-07 00:00:00.000000,CA,Manufacturing,,,"All data will be published on Mar. 15. Prelco Inc. is a manufacturer of high-performance and specialty glass for architectural applications, specialized vehicle glazing, and glass components for the manufacturing sector. Prelco was founded in            ..."
qilin,Wheels and Deals,2025-03-07 00:00:00.000000,,Not Found,,,"Wheels and Deals is a FREE 112 page automotive magazine located in Central Illinois. We are a local, family owned publishing group that’s been established since 1978. Wheels and Deals Magazine is published weekly and offered FREE at over 1,            ..."
qilin,bpmmicro.com,2025-02-28 00:00:00.000000,US,Technology,,,"All data of this company will be available for download on 11.03.2025. BPM Microsystems manufactures high-performance, high-quality, and cost-effective device programmers and accessories for programmable semiconductor devices. The company has            ..."
qilin,Soco systems,2025-02-27 00:00:00.000000,DK,Not Found,,,"All data will be published on Mar. 05.
SOCO SYSTEM is a company that specializes in providing flexible, mobile, and expandable packaging solutions. Their systems focus on efficiency and ergonomics, offering a range of equipment for packaging            ..."
qilin,HOST Software Entwicklung und Consulting GmbH,2025-02-24 00:00:00.000000,DE,Technology,,,"Ulysses ERP & MES Software is a comprehensive business software for manufacturing SMEs. It offers a variety of modules and add-ons that are tailored to the specific needs of various industries, including 
plant and steel construction, sheet             ..."
qilin,Primary Flow Signal: Flow Meters | Flow Measurement,2025-02-20 00:00:00.000000,US,Manufacturing,,,"Primary Flow Signal has been producing flow meters for over 30 years, since its founding by Hungarian immigrant, Dezsoe (Dezi) Halmi, and has emerged as the preeminent industry player in North America, with a reputation for reliability, accur            ..."
qilin,traffic-advertising-llc,2025-02-19 00:00:00.000000,,Business Services,,,We are a full-service automotive advertising agency that caters to dealerships across the continental U.S. It is the job of our media team to perform comprehensive market analyses for each of our clients to ensure that all of our TV buys cons            ...
qilin,averasia,2025-02-14 00:00:00.000000,SG,Not Found,,,"We are widely recognized as a transformative equipment rental company, offering an extensive range of products including MEWP equipment, generators, compressors, telehandlers, battery energy storage systems (BESS), forklifts, tower lights and            ..."
qilin,vadatech.com,2025-02-13 00:00:00.000000,US,Technology,,,All data of this company will be available for download on 24.02.2025VadaTech is a world leader in the design and manufacture of embedded computing solutions.The products include configurable application-ready systems and their building block            ...
qilin,govonisabbiatrici,2025-02-07 00:00:00.000000,IT,Not Found,,,"Company designs and manufactures machines and systems of sandblasting, as well as dust extraction systems, Sorting and conveying devices for metal abrasives and silica sands, partial and total recovery devices for large cabins and soundproofi            ..."
qilin,rablighting.com,2025-02-05 00:00:00.000000,US,Manufacturing,,,"All data of this company will be available for download on 13.02.2025.RAB Lighting is committed to creating high-quality, affordable, well-designed and energy-efficient LED lighting and controls that make it easy for distributors to sell, ele            ..."
qilin,kksp.com,2025-02-04 14:22:20.853136,MX,Manufacturing,,,"All data of this company will be available for download on 12.02.2025.The Largest in North America
With over 425 screw machines in four locations in the U.S. and Mexico, we are the capabilities leader and the largest machine shop of our kind            ..."
qilin,HARADA,2025-02-04 00:00:00.000000,JP,Not Found,,,"HARADA INDUSTRY CO., LTD. is a Japan-based company mainly engaged in the manufacture and sale of automotive equipment and communications equipment. 
Harada Industry Co Ltd manufactures and sells automotive antennas, wireless and data communi            ..."
qilin,Pasco Systems,2025-02-03 10:47:16.303675,IN,Not Found,,,"PASCO designs and manufactures rugged automatic palletizers for all types of industry. Founded in 1976, family owned and operated, centrally located in St. Louis, Missouri, we have a long list of repeat customers who have found through the ye            ..."
qilin,MPP Group of Companies,2025-02-03 10:45:35.316917,GB,Not Found,,,"Metals Protection Plating, known today as the MPP Group of Companies, was founded in 1937, and has grown from its original location at 2800 Truman Road in Kansas City, Missouri, to a family owned business operating in four states, with real e            ..."
qilin,World Wide Fittings,2025-01-26 00:00:00.000000,US,Manufacturing,,,"Over 600 gb of data stolen from their servers . data will be avaible for download in 48 hours .

From it’s founding in 1950 as World Wide Supply, World Wide Fittings has grown into a global manufacturer of steel and stainless hydraulic tu            ..."
qilin,SPEEDFAM,2025-01-26 00:00:00.000000,JP,Manufacturing,,,"SFIN is a company established in Joint Venture techno-commercial collaboration with Speedfam Co. Ltd., Japan who is a world leader in Flat Surface Lapping and Polishing equipment manufacturing. Speedfam India started manufacturing in Techno-c            ..."
qilin,DPA Auctions,2025-01-24 00:00:00.000000,US,Business Services,,,"DPA Auctions, headquartered in Fremont, Nebraska, and established in 1972, is a heavy machinery online auction company offering products for the agricultural, construction, and transportation industries"
qilin,liftsolutionsinc.net,2025-01-23 00:00:00.000000,US,Manufacturing,,,"For over 40 years, we at Lift Solutions have prided ourselves on providing our customers with the best products and services available. For our team of highly trained and experienced material handling experts, there is no project too big or t            ..."
qilin,HIKARI SEIKO,2025-01-18 00:00:00.000000,JP,Manufacturing,,,"HIKARI SEIKO CO. LTD., a Japan based top manufacturer of universal joints and precision automotive parts such as universal joints and oil jets. 
Since its establishment in 1947, HIKARI SEIKO CO., LTD. have been committed to the development o            ..."
qilin,Wannemacher Enterprises Inc,2025-01-12 00:00:00.000000,US,Transportation/Logistics,,,"Wannemacher Enterprises Inc  aka Wannemacher Total Logistics was established in 1991 as a local trucking operation and has expanded over the years to a leader in transportation, warehousing, distribution, contract packaging, and liquid fillin            ..."
qilin,Galvatech,2025-01-12 00:00:00.000000,AU,Not Found,,,"Galvatech is a family-owned business that has been servicing the steel industry in Sydney Central West for 40 years, specializing in hot dip galvanizing to the AS/NZS 4680:2006 standard. Known for its efficiency and reliability, the company o            ..."
qilin,"Bulverde Glass, Inc.",2025-01-03 00:00:00.000000,US,Manufacturing,,,"Bulverde Glass, Inc. was established in 1992 just outside the city of San Antonio in small-town Bulverde, but as the city has grown and expanded over the years, so has Bulverde Glass. In fact, we outgrew the small town of Bulverde and moved i            ..."
qilin,Helitek Company Ltd.,2024-12-25 00:00:00.000000,TH,Not Found,,,"Helitek Company Ltd. manufactures silicon wafers. The Company's products include prime wafers, single and double side polished wafers, test wafers, silicon ingots, dopants, and backside treatments. Helitek sells its products in the United Sta            ..."
qilin,HEXPOL COMPOUNDING AMERICAS,2024-12-22 00:00:00.000000,US,Manufacturing,,,"Complete irresponsibility and very poor IT level of HEXPOL COMPOUNDING AMERICAS (HCA) leads to that publication.
Data from all departments (Finance, HR, Accounting, Engineering, Logistics, Production, Purchasing, Quality, Safety, Recipe Cont            ..."
qilin,www.clubcar.com,2024-12-22 00:00:00.000000,US,Manufacturing,,,"Club Car boasts a 60+ year history of industry-leading innovation and design, initially focused on golf cars and then expanding to commercial utility vehicles and personal-use transportation.

Every detail of design, fabrication and assembl            ..."
qilin,Cambridge Fluid Systems,2024-12-05 00:00:00.000000,GB,Manufacturing,,,"They are a full-service provider and Original Equipment Manufacturer (OEM) for high technology industries, committed to delivering the performance you demand, on time and on budget. They focus on continuous improvement to achieve operational             ..."
qilin,WELKER | World-Class Manufacturing,2024-11-26 00:00:00.000000,US,Manufacturing,,,"All data of this company will be available for download on 24.01.2025. At Welker, Inc., weve been manufacturing ideas since 1954. A world-class manufacturer based in Sugar Land, Texas, USA, Welker is a proven leader in sampling equipment and             ..."
qilin,Flamco,2024-11-21 00:00:00.000000,NL,Manufacturing,,,"All data of this company will be available for download on 03.01.2025. The Flamco Group is focused on the development, production and sale of quality components for HVAC applications. Flamco offers succesful and innovative solutions for both             ..."
qilin,SUSTA-STAMPI,2024-11-18 05:31:47.966258,IT,Not Found,,,"Susta Srl is a dynamic company operating in the manufacturing sector, headquartered in Castellalto, Abruzzo, Italy. The company employs between 20 and 49 people and generates annual revenues in the range of €5 to €10 million.

Thanks to            ..."
qilin,Super Vac,2024-11-17 00:00:00.000000,US,Manufacturing,,,"The Super Vac Foundry isn’t your ordinary, run-of-the-mill small foundry. Rather, our foundry is part of something much bigger — a collection of long-trusted brands backed by a 65-year-old family-owned company, Super Vacuum Manufacturing.            ..."
qilin,Imprimerie Peau,2024-10-28 00:00:00.000000,FR,Manufacturing,,,"Peau printing has developed its
expertise around strong values:
providing high-quality work, being responsive, providing innovative solutions with the best skills and the most efficient equipment."
qilin,DieTech North America,2024-10-27 00:00:00.000000,US,Manufacturing,,,"DieTech North America offers world-class engineering, construction, and tryout services for medium and large Class-A metal stamping dies. Services Offered include Black Box Die Build and Tryout, Tryout Completion, Engineering changes and Die             ..."
qilin,Dinaksa Pesaje,2024-10-22 00:00:00.000000,ES,Manufacturing,,,Dinaksa pesaje offers a rental service of different weighing equipment at the disposal. Its' customers require having a high number of machines to facilitate the process in certain moments such as inventories. Dinaksa pesaje has a wide range             ...
qilin,Aiken Electric Cooperative,2024-10-19 00:00:00.000000,US,Energy,,,"About Aiken Electric Cooperative 
Aiken Electric Cooperative operates in 6 cities and is considered an electricity cooperative. At the moment the company provides electricity to residential, commercial and industrial customer accounts, with             ..."
qilin,www.smawins.com,2024-10-18 00:00:00.000000,US,Technology,,,"All data of this company will be available for download on 13.01.2025. SM&A, founded in 1982 as Steven Myers & Associates, is a defense and aerospace consulting firm located in Irvine, California. The founder of SM&A is Steven Myers. In 2008             ..."
qilin,Flo Components,2024-10-14 00:00:00.000000,CA,Not Found,,,"FLO Components Ltd. is an automatic greasing systems specialist and the leading supplier of ""Total Lube Solutions"" to major manufacturers 
FLO Components Ltd. is an automatic greasing systems specialist and the leading supplier of ""Total Lub            ..."
qilin,Dalincoln,2024-10-09 00:00:00.000000,,Not Found,,,"Tri-west Building Supplies (D.A. Lincoln)
We specialize in the sale, installation and service of In Bay Automatics, Self Serve, Tunnel Systems, and Truck/Bus Wash Systems. At D.A. Lincoln we manufacture the Lincoln Series Self Serve Car/Truc            ..."
qilin,DMF Lighting,2024-09-30 00:00:00.000000,US,Manufacturing,,,"Founded 1988 and Headquartered in California, United States. DMF Lighting designs and builds LED downlighting that sets the bar for simplicity.
Over 600 GB of data ( projects , finacial statments , clients data ) stolen."
qilin,DAIKIN THAILAND,2024-09-25 00:00:00.000000,TH,Manufacturing,,,"We have 347,438 files (approx 800Gb+) with higly confidential corporate data of DAIKIN CORPORATION.
One of the biggest manufacturers of Air Conditioning systems in the world

ALL THAT DATA WILL BE PULISHED FULLY ON 21 OCTOBER 2024 AND ANYO            ..."
qilin,Bertelkamp Automation,2024-09-11 00:00:00.000000,US,Manufacturing,,,"Bertelkamp Automation, Inc. (BAI) is a leading Industrial Automation Solutions provider in the Southeastern United States. For more than 40 years, we have provided our customers with solutions that have increased their efficiency and producti            ..."
qilin,dt-technologies,2024-08-25 00:00:00.000000,FR,Technology,,,"DT GROUP !
 
We specialize in the manufacturing, purchasing and reselling of products essential for your machine tools. Our expertise focuses on clamping solutions, such as different types of work holding tools, and all types of clamping de            ..."
qilin,Stalcop Metal Forming LLC,2024-08-25 00:00:00.000000,US,Manufacturing,,,"STALCOP Metal Forming LLC is a repetitive manufacturer of customer designed specialty cold formed parts and precision machined components and sub-assemblies. By combining cold forming with various secondary processes, we can manufacture parts            ..."
qilin,Mason City Recycling Center,2024-08-19 00:00:00.000000,US,Government,,,"Mason City Recycling Center has been manufacturing low dust Comfort Zone Cellulose since 1979.

Family owned and operated.

As our business grew, we relocated to our 50,000 square feet., 15 acre facility where we also operate our MRF (mat            ..."
qilin,Amco Metal Industrial Corporation,2024-08-06 00:00:00.000000,US,Manufacturing,,,"Amco Metal Industrial Corp is located in La Puente, California. This organization primarily operates in the Pig Iron business / industry within the Wholesale Trade - Durable Goods sector. This organization has been operating for approximately            ..."
qilin,Dhoot Transmission,2024-08-05 00:00:00.000000,IN,Manufacturing,,,"Dhoot Transmission is a manufacturer and supplier of automotive components to OEMs. Manufactures wire harness, electronics, copper wire enamelling, tooling components, stamping components, moulding components and cable components for two-whee            ..."
qilin,atlanticice.com,2024-07-16 00:00:00.000000,US,Business Services,,,Since 1940 we have only serviced commercial refrigeration and ice machines. We are the preferred choice of leading manufacturers for their warranty repairs in Philadelphia and the surrounding counties.
qilin,KMLG,2024-07-10 00:00:00.000000,PK,Manufacturing,,,"Established in 1953, Kohinoor Textile Mills (KTML) is a textile manufacturing company headquartered in Punjab, Pakistan."
qilin,Bunger Steel,2024-06-23 21:15:50.519264,US,Manufacturing,,,"Company has 24 hours to contact us .

Bunger Steel is a quality, full-service manufacturer of all kinds of steel buildings including Commercial, Industrial, Residential, Institutional, Agricultural, Airplane Hangars, Mini Storage, Churches,            ..."
qilin,pomalca.com.pe,2024-06-17 00:00:00.000000,PE,Agriculture and Food Production,,,"Empresa Agroindustrial Pomalca is a leading agribusiness company based in Chiclayo, Peru. It is one of the country's major sugar producers. The company has more than in sugar cane for production of sugar, molasses, and bagasse, in addition to            ..."
qilin,Allied Toyota Lift,2024-06-07 00:00:00.000000,US,Transportation/Logistics,,,"Downloaded all confidential data. Including suppliers, customers, finances, incidents, employee personal data, etc. Allied Toyota Lift is a provider of industrial vehicle rentals such as forklifts, industrial cleaning equipment, and utility             ..."
qilin,Inicio - Ganadería Revuelta,2024-06-05 19:14:43.138048,MX,Agriculture and Food Production,,,"Inicio - Ganadería Revuela, Mexico - the company produces beef. It has its own production chain, which includes: feedlots, slaughterhouse, packing factory and finished product factory. The company supplies meat to the United States, Canada,             ..."
qilin,goodcents.com,2024-06-05 19:14:43.138048,US,Consumer Services,,,"Goodcents, USA - Cheap food outlets are part of Custom Foods Inc., a company that produces frozen dough. The company manufactures a wide range of products, including dough for pizza, bread, cookies, and much more. The company supplies its pro            ..."
qilin,Mitchell Industries,2024-06-05 19:14:43.138048,,Not Found,,,"Mitchell Industries, USA - like sand through one's fingers. The company manufactures Accu-Weld¢ wedge wire screens for applications in both the petroleum and refining industries. The family-owned company has been in business for many years a            ..."
qilin,"Shyang Shin Bao Ind. Co., Ltd. (hereinafter referred to as ''SSB'')",2024-05-17 00:00:00.000000,TW,Manufacturing,,,"Shyang Shin Bao Group is trying to hide the hacking and leakage of confidential company data. We have 2.2TB of confidential company data. Adidas Group has a lot of interesting things for you. Shyang Shin Bao Group, headquartered in Taiwan. S            ..."
qilin,All Weather Architectural Aluminum,2024-05-06 00:00:00.000000,US,Manufacturing,,,"All Weather Architectural Aluminum specializes in custom windows and doors, providing innovative solutions for both residential and commercial projects. Their extensive range includes sliding, folding, and pivot designs, catering to the uniqu            ..."
qilin,williamsrdm.com,2024-04-19 00:00:00.000000,US,Manufacturing,,,"Williams RDM is a Fort Worth-based research, development, and manufacturing company.All data will be open and available for downloading in 7 days!!!(14.05.24)"
qilin,Cembell Industries,2024-04-16 01:22:02.643105,US,Manufacturing,,,"For over 40 years, Cembell Industries has been fabricating & repairing high quality pressure vessels and heat exchangers for the petrochemical and refining industries. Cembell is a family owned business that was established in 1980 to service            ..."
qilin,Madero,2024-04-06 13:31:32.981739,CA,Hospitality and Tourism,,,"Madero is a leading manufacturer and distributor of residential and commercial doors and hardware, from Western Ontario to British Columbia."
qilin,ptsmi.co.id,2024-03-21 22:31:38.207187,ID,Manufacturing,,,"Financing & Investment. Infrastructure financing activities include financing carried out based on sharia principles given to private parties, State-Owned Enterprises, Regional-Owned Enterprises, and Regional Governments as regulated in appli            ..."
qilin,hawita-gruppe,2024-03-05 11:48:43.862631,DE,Agriculture and Food Production,,,"Thanks to a consistent corporate policy, a lot of know-how and first-class employees, we have developed into one of the premium manufacturers of products for modern horticulture in the course of the more than 100 years of company history. Our            ..."
qilin,Great Lakes Technologies,2023-12-04 17:51:16.900365,,,,,"Great Lakes Technologies & Manufacturing LLC promotes a culture of innovation and is committed to eliminating waste, costly duplication of efforts and production start-up problems for our customers. We accomplish this by providing proprietary            ..."
qilin,Yanfeng,2023-11-13 00:00:00.000000,,,,,"Yanfeng is a leading global automotive supplier, focusing on interior, exterior, seating, cockpit electronics, and passive safety, and is exploring new business actively. Yanfeng has more than 240 locations and approximately 57,000 employees             ..."
qilin,GYP New Tree SA,2023-08-28 11:40:16.166441,AR,,,,"GYP NEW TREE SA is a wholesale importer operating in the market since 1998, marketing brands that are synonymous with excellence and innovation. We integrate the value chain of these brands, either with local assembly of PCs and AIOs, or with            ..."
qilin,Daiwa House Industry Co.,2023-06-22 22:02:44.404830,JP,,,,"Daiwa House Industry Co., Ltd. is Japan's largest homebuilder, specializing in prefabricated houses. The company is also engaged in the construction of factories, shopping centers, health care facilities, the management and operation of resor            ..."
qilin,Printmarksolution,2023-06-19 12:59:56.891893,,,,,"Distributor of production date, expiry date, barcode, lot number, quality products imported from Europe by a team of professionals with more than 15 years of experience in industrial printing. we are committed to providing quality service, at            ..."
qilin,gslelectric.com,2023-06-13 11:34:00.000000,US,Construction,,,"All data of this company will be available for download on 16.05.2025. GSL Electric Inc. performs a wide range of projects for public and private clients, including commercial, industrial, institutional, manufacturing, utility, transmission l            ..."
qilin,"Clarity Water Technologies, LLC",2023-06-08 10:00:30.396408,,,,,"Clarity Water Technologies specializes in comprehensive industrial and commercial water treatment that includes expert consulting and cutting-edge chemistry, as well as a full service team to support facility needs .   Some of the data take            ..."
qilin,Contempo Card,2022-11-09 11:20:29.018593,,,,,"Vark Sr worked with his father in the jewelry manufacturing business in Rhode Island. In the 80’s, Providence, RI was the jewelry capital of the world, and everyone wanted a piece of the jewelry pie. Vark Sr noticed something odd: while the            ..."
thegentlemen,Suma Sklep,2026-04-19 12:40:45.000000,PL,Consumer Services,,,"Suma24.pl is a Polish B2B online store specializing in professional cleaning products, catering equipment, and hygiene systems for the HoReCa (Hotel, Restaurant, Catering) and food industry sectors. It is operated by Suma Service, a family-owned company founded in 1995 and headquartered in Koszalin,"
thegentlemen,El Ordeno,2026-04-15 11:31:29.000000,EC,Agriculture and Food Production,,,"elordeno.com zoominfo.com/c/el-ordeño/363579816 El Ordeño (Sociedad Industrial Ganadera El Ordeño S.A.) is an Ecuadorian agro-industrial dairy company founded in 2001, headquartered in Quito, Pichincha Province. It operates an inclusive and associative business model that connects over 6,000 small "
thegentlemen,Disk Precision,2026-04-15 11:25:56.000000,SG,Manufacturing,,,"diskprecision.com zoominfo.com/c/disk-precision-group/11452653 Disk Precision Group (DP Group) is a Singapore-headquartered precision engineering company founded in 1986, specializing in CNC Turning and Milling of high-precision metal components. With manufacturing sites across Southeast Asia (Singa"
thegentlemen,Greenpharma,2026-04-15 11:23:43.000000,BR,Healthcare,,,"greenpharma.com.br zoominfo.com/c/greenpharma-química-e-farmacêutica-eireli/558034818 Greenpharma Química & Farmaceutica is a Brazilian pharmaceutical manufacturer founded in 1989 in Anapolis, Goiás, acquired in 1995 by industrial pharmacist Eduardo Gonçalves. The company produces generic and OTC "
thegentlemen,UK Electronics,2026-04-14 10:29:04.196929,GB,Manufacturing,,,"ukelectronics.co.uk zoominfo.com/c/uk-electronics-ltd/51921022 UK Electronics specializes in the manufacture of high-quality electronic assemblies, offering a comprehensive range of services including PCB assembly, mechanical assembly, and testing. With over 40 years of experience, they provide full"
thegentlemen,BRC Biotechnology,2026-04-14 10:26:32.958178,,Healthcare,,,"brcbiotech.com BRC Biotechnology is a biopharmaceutical contract development and manufacturing company that strictly adheres to GMP standards from China, the USA, and Europe. It holds certifications including EU GMP QP compliance, US FDA FEI registration, and ISO 9001:2015, offering professional ris"
thegentlemen,Verzinkerei Rentrop,2026-04-14 10:25:44.863923,DE,Manufacturing,,,"verzinkerei-rentrop.de zoominfo.com/c/verzinkerei-rentrop-gmbh/1103509945 Verzinkerei Rentrop GmbH is a German industrial company founded in 1929 in Plettenberg, NRW, specializing in steel surface treatment — primarily hot-dip galvanizing, electrogalvanizing, and phosphatizing. The company also prod"
thegentlemen,Hangzhou Industrial,2026-04-14 10:25:21.550119,CN,Manufacturing,,,"hztrust.com zoominfo.com/c/hangzhou-industrial--commercial-trust-co-ltd/430077414 Hangzhou Industrial & Commercial Trust (hztrust.com) is a state-owned Chinese financial firm founded in 1986, headquartered in Hangzhou with offices in Shanghai and Beijing. It operates as a joint venture with Morgan S"
thegentlemen,******.***,2026-04-14 10:24:32.445163,,Not Found,,,"Largest manufacturer ranked #* globally, ~ $1.2B revenue (2025), operates in 140+ countries, 60,000+ partners, ships 10M+ ****** annually, invests 12% of revenue in R&D, with factories in **** and ***."
thegentlemen,Aichi Electric,2026-04-08 15:35:33.603136,JP,Manufacturing,,,"aichidenki.jp zoominfo.com/c/aichi-electric-co-ltd/425347408 Aichi Electric Co., Ltd., founded in 1942 and headquartered in Kasugai, Aichi Prefecture, Japan, is a publicly listed manufacturer of power equipment and industrial motors. The company produces transformers, distribution switchgear, contro"
thegentlemen,Tapon Corona,2026-04-08 15:35:06.423795,MX,Manufacturing,,,"taponcorona.com.mx Tapon Corona S.A. de C.V. is a Mexican manufacturer based in Azcapotzalco, Mexico City, specializing in world-class crown caps (metal bottle caps) for beer and soft drink brands. The company is part of Grupo Zapata and operates alongside subsidiaries producing aluminum cans (Jalis"
thegentlemen,Ravands Plastech,2026-04-08 15:34:16.605366,,Manufacturing,,,"ravands.com zoominfo.com/c/ravands-plastech/347934317 Ravands Plastech is an Indian manufacturer based in Chittoor, Andhra Pradesh, founded in 2002 by a farmer's son with a mission to solve irrigation challenges for local farmers. The company produces thermoplastic ball valves, gate valves, non-retu"
thegentlemen,Thai Rung Union Car,2026-04-08 15:31:29.974695,TH,Transportation/Logistics,,,thairung.co.th zoominfo.com/c/thai-rung-union-car-public-company-ltd/104628554 Thai Rung Union Car Public Company Limited focuses on providing high-quality automotive solutions tailored for the Thai market. The company emphasizes constant innovation and sustainable development in its operations. It 
thegentlemen,Thai Special Gas,2026-04-08 15:30:37.363014,TH,Energy,,,"tsgco.co.th zoominfo.com/c/thai-special-gas-co-ltd/454621538 Thai Special Gas (TSG) specializes in providing high-quality industrial and energy gases, onsite gas generators, refrigerants, and related equipment. The company is dedicated to delivering exceptional customer service and integrated soluti"
thegentlemen,DGS,2026-04-08 15:27:38.002663,,Not Found,,,"dgsts.com DGS Technical Services is a structural steel and mechanical engineering firm that has been providing comprehensive design, detailing, and 3D modeling services since 2004. Based in Elgin, Illinois, they serve a variety of industrial and commercial clients, including those in the semiconduct"
thegentlemen,EMCO Holding,2026-04-08 15:27:13.388368,DE,Manufacturing,,,"emcoholding.com Grupo EMCO Holding is a conglomerate of prestigious companies operating in different areas, guided by a philosophy of excellence and responsibility, with significant investments in Central America. In recent years, the group has diversified and has strongly positioned itself in field"
thegentlemen,Anderlues,2026-04-08 00:00:00.000000,BE,Manufacturing,,,"Anderlues.be is the official website of the municipality of Anderlues, a small town in the province of Hainaut, Wallonia, Belgium, with a population of approximately 12,000 residents and an area of 17 km². The site serves as the main digital portal for local government services, including an e-count"
thegentlemen,AIRCOS,2026-04-04 22:48:42.352056,FR,Transportation/Logistics,,,"aircospascual-anjac.com rocketreach.co/aircos-profile_b5cafd62f42e1406 Aircos Pascual is a French industrial cosmetics manufacturer and part of the ANJAC Group, specializing in hybrid makeup technologies — loose powders, hot-cast formulas, lip fluids, and foundation fluids. With 300 employees, 25 R&"
thegentlemen,Zanzi,2026-04-04 22:48:18.626253,IT,Not Found,,,"zanzi.com rocketreach.co/zanzi-spa-profile_b420e827fee433b4 Zanzi S.p.A. is an Italian engineering company founded in 1920 by Giovanni Zanzi in Ivrea, Turin, recognized as a global leader in high-performance valve manufacturing for engines. The company serves the aeronautical, motor racing, motorbik"
thegentlemen,Das Labor,2026-04-04 22:47:54.605868,DE,Not Found,,,daslabor.eu zoominfo.com/c/friedrich-holzweber/549578383 is an Austrian private medical and chemical diagnostic laboratory led by Dr. Margit Striednig-Zechner and Dr. Beatrix Sterz. The lab offers a dedicated online ordering system called Cyberlab for referring physicians and healthcare professional
thegentlemen,Gaposa,2026-04-04 22:46:31.954524,ES,Manufacturing,,,"gaposa.it zoominfo.com/c/gaposa-srl/372820509 Founded in 1969, Gaposa has persevered from its first years of activity in a constant R&D policy in order to anticipate market changes. With a number of patents and a 100% Italian production, Gaposa has strengthened its position as one of the leaders in "
thegentlemen,UCPS,2026-04-04 22:44:51.662206,TH,Public Sector,,,"ucpsthai.com United Creation Packaging Solutions (Thailand) Co., Ltd (UCPS) is a leading large-scale integrated packaging and printing company based in Thailand, established in 1994. It is recognized as Asia's largest packaging company and holds the prestigious title of No. 1 in Forest and Paper Pro"
thegentlemen,GEM Terminal,2026-04-01 00:00:00.000000,TW,Technology,,,"gem.com.tw zoominfo.com/c/gem-terminal-industry-co-ltd/46452181 Gem Terminal Ind. Co., Ltd. is engaged in the manufacture and sale of terminals used for electronic communication, automobile transportation and electrical plugs. The Company also offers ceramic ferrules, bushings and modules. During th"
thegentlemen,Jati Tinggi,2026-03-26 09:29:57.000000,ID,Manufacturing,,,"jatitinggi.com zoominfo.com/c/jati-tinggi-holding-sdn-bhd/399353498 Jati Tinggi Group Berhad, founded in 2003 and headquartered in Cheras, Selangor, Malaysia, is a publicly listed infrastructure utilities engineering company (KLSE: JTGROUP). The company specialises in underground and overhead utilit"
thegentlemen,Sunspray Food,2026-03-26 09:22:40.000000,ZA,Agriculture and Food Production,,,"sunspray.co.za zoominfo.com/c/sunspray-food-ingredients-ltd/425184083 Sunspray Solutions (Pty) Ltd, founded in 1944 and headquartered in Johannesburg, South Africa, is the country's largest independent manufacturer of spray-dried food ingredients. The company operates 10 spray dryers across two manu"
thegentlemen,Cosmo Group,2026-03-26 09:19:25.000000,TH,Not Found,,,"cosmo.co.th zoominfo.com/c/cosmo-group-public-co/459326707 Cosmo Group PCL, founded in 1964 and headquartered in Bangkok (Sukhumvit), is a Thai luxury packaging manufacturer with over 60 years of experience. The company specializes in premium gift boxes, displays, watch dials, cases, and accessories"
thegentlemen,Sgt,2026-03-26 09:13:27.000000,FR,Business Services,,,"sgt-pet.com zoominfo.com/c/sgt/370244282 SGT founded in 1981 and based in France, is a specialist in PET and RPET packaging . The company designs and manufactures PET/RPET preforms (mono- and multi-layer), HDPE caps, and bottles for the beverage and industrial sectors . With over 200 employees, 26 i"
thegentlemen,Distritech,2026-03-23 09:39:49.000000,US,Not Found,,,"distritech.com zoominfo.com/c/distritech-llc/358799326 DISTRITECH LLC offers a wide range of consumer electronics and accessories, including audio and video equipment, computers, cameras, mobility devices, gaming products, wearables, smart home solutions, and home living items. The company targets t"
thegentlemen,Omikenshi,2026-03-23 09:38:22.000000,JP,Manufacturing,,,"omikenshi.co.jp zoominfo.com/c/omikenshi-co-ltd/372144961 Omikenshi specializes in the production of textiles, including cotton and yarn, as well as advanced processing technologies. The company also offers a range of lifestyle products, cosmetics, and software development services. Their intended c"
thegentlemen,Groupe Caddac,2026-03-21 11:54:52.000000,CA,Not Found,,,"groupe-caddac.com Groupe CADDAC is a French construction materials company founded in 1962, specializing in ready-mix concrete (RMC), prefabricated concrete elements, aggregates, and building materials. Headquartered in Donges, Pays de la Loire, the group operates 19 concrete plants along France's A"
thegentlemen,2LG Prod,2026-03-18 08:09:51.000000,FR,Not Found,,,"2lg-prod.com zoominfo.com/c/2lg-prod/532401614 2LG PROD S.r.l. is an Italian company specializing in the design and production of professional cleaning machines and floor maintenance equipment. They offer a wide range of products including scrubber dryers, sweepers, and vacuum cleaners for industria"
thegentlemen,GPAINNOVA,2026-03-18 08:08:14.000000,ES,Technology,,,"gpainnova.com zoominfo.com/c/gpainnova/467953270 GPAINNOVA is a leading tech company specializing in surface finishing machinery for metal polishing and medical device manufacturing. They are also known for their innovative power electronics and energy storage systems. With a strong global presence,"
thegentlemen,Kabelovna Kabex,2026-03-16 10:35:16.000000,CZ,Telecommunication,,,"kabex.cz rocketreach.co/kabelovna-kabex-as-profile_b5947399f662772e Kabelovna Kabex is a Czech special cable manufacturer founded in 1994 . The company specializes in cables for nuclear power plants (including LOCA-cables), hermetic cable penetrations, and power cables up to 30 kV . Kabex is a key s"
thegentlemen,ControlGMC,2026-03-12 21:58:58.000000,CA,Manufacturing,,,"controlgmc.com zoominfo.com/c/controlgmc/346496163 Control GMC specializes in designing and manufacturing fully automatic food packing machines and cup filling lines. Their versatile equipment is suitable for various food products, including sauces, cheeses, and salads, and can handle a wide range o"
thegentlemen,Sodimatel Fasteners,2026-03-09 09:45:36.000000,FR,Manufacturing,,,sodimatel.eu zoominfo.com/c/sodimatel-fasteners-sa/430245612 Sodimatel Fasteners provides business services. Contact them directly for more information about their offerings
thegentlemen,Nenplas,2026-03-09 09:42:14.000000,GB,Manufacturing,,,"nenplas.co.uk zoominfo.com/c/nenplas-ltd/1115375413 Nenplas is a leading UK manufacturer specializing in bespoke plastic extrusion products, offering a wide range of extruded and fabricated plastic profiles. With over 40 years of experience and more than 3,000 existing tools, they provide quick and "
thegentlemen,Malia Group,2026-03-06 19:14:46.000000,LB,Manufacturing,,,"maliagroup.com zoominfo.com/c/malia-group/347685476 Malia Group is a multifaceted organization comprising 21 companies that operate across six sectors, including consumer goods distribution, technology solutions, fashion, engineering and contracting, and hospitality and real estate. With a strong pr"
thegentlemen,Reanthong Partcenter,2026-03-04 12:16:27.000000,TH,Not Found,,,"rtvalve.com zoominfo.com/c/reanthong-partcenter-co-ltd/393312914 Reanthong Partcenter Co., Ltd. is a prominent manufacturer in Thailand specializing in LPG Cylinder Valves, Brass Fittings, and Gas Accessories with over 32 years of expertise. The company focuses on research and development, manufactu"
thegentlemen,Comtec 2000,2026-03-04 12:10:11.000000,RO,Not Found,,,"comtec-int.ro zoominfo.com/c/comtec-2000-inc/459031613 COMTEC 2000 INC specializes in high-quality electrical products and professional equipment for industrial applications, catering to the needs of demanding clients. Their offerings include a wide range of electrical devices, lighting solutions, a"
thegentlemen,Special Shapes Refractory,2026-03-01 17:28:54.000000,US,Manufacturing,,,"ssrco.com zoominfo.com/c/special-shapes-refractory-company-inc/1132759207 Special Shapes Refractory Company (SSRC) is a leader in providing high-quality precast shapes and monolithic materials primarily for the glass, steel, and other industrial manufacturers. They focus on minimizing downtime and e"
thegentlemen,Labtician Ophthalmics,2026-03-01 17:27:50.000000,CA,Healthcare,,,labtician.com zoominfo.com/c/labtician-ophthalmics-inc/139985585 Labtician Ophthalmics specializes in manufacturing and selling advanced surgical and therapeutic ophthalmology products. The company aims to enhance patients' visual health by providing effective tools and solutions for various eye con
thegentlemen,All India Minerals,2026-03-01 17:26:03.000000,IN,Agriculture and Food Production,,,"allindiaminerals.com zoominfo.com/c/all-india-minerals/470618608 All India Minerals is India's largest manufacturer of Washed Sand and Graded Silica Sand, established in 1969. The company employs advanced technologies and strict quality controls to produce high-quality silica sand for various indust"
thegentlemen,Amata,2026-02-26 16:13:19.000000,TH,Manufacturing,,,"amata.com zoominfo.com/c/amata-corporation-public-company-ltd/2754121 Amata Corporation PCL. is a leading industrial estate developer in Southeast Asia, providing full-service industrial parks for global manufacturing companies. They focus on creating sustainable and innovative industrial environmen"
thegentlemen,Sando Tech,2026-02-26 14:12:34.000000,US,Not Found,,,"sando.co.jp datanyze.com/companies/sando-tech/539005226 SANDO TECH, Inc. specializes in the development, design, manufacturing, and sales of machinery. The company offers a range of products including testing machines, repair services, and consumable parts orders. Their intended clients include busi"
thegentlemen,OCEANIST ENGINEERING,2026-02-25 12:39:07.000000,IN,Manufacturing,,,"oceanist.com.tr zoominfo.com/c/oceanist-engineering/437571327 Oceanist Engineering Ltd. is a supplier of ship equipment based in Istanbul, established in 2001. The company specializes in the development, promotion, and distribution of high-quality solutions for the Marine Offshore and Onshore indust"
thegentlemen,Wachendorff,2026-02-24 18:40:41.000000,DE,Manufacturing,,,"wachendorff.de zoominfo.com/c/wachendorff-gebäude/368536587 Wachendorff Unternehmensgruppe specializes in the development and manufacturing of encoders and measurement systems, providing reliable solutions for rotary and linear measurement tasks. They also offer industrial electronics and automatio"
thegentlemen,Dos,2026-02-24 18:08:41.000000,TH,Not Found,,,"dos.co.th thammasorn.co.th zoominfo.com/c/dos-corp/448308416 DOS Life specializes in water management solutions, offering a range of products including water storage tanks, wastewater treatment systems, and various water-related equipment. Their services cater to both residential and industrial clie"
thegentlemen,Industrias Iberia,2026-02-24 17:57:19.000000,ES,Manufacturing,,,"industriasiberia.com zoominfo.com/c/industrias-iberia/371428987 Industrias Iberia is a food production company that takes food safety seriously. They work hard to make sure every food product they create and sell meets the highest safety standards. From processing to packaging, the team checks each "
thegentlemen,Pollo Cibao,2026-02-17 13:49:02.000000,DO,Agriculture and Food Production,,,"pollocibao.com zoominfo.com/c/pollo-cibao/430156004 Pollo Cibao is a company engaged in the production, incubation, raising, fattening, processing of poultry, and manufacturing of animal feed. Founded over 20 years ago in the Dominican Republic, it employs more than 1,800 direct employees and around"
thegentlemen,Oceania Gas Chemicals & Related Products,2026-02-15 15:21:59.000000,,Energy,,,"oceaniagas.com zoominfo.com/c/oceania-gas-ltd/414947891 Oceania Gas specializes in providing a wide range of gases including medical gases, industrial gases, and various gas mixtures. They offer an extensive selection of welding equipment, safety PPE, refrigerants, and tools for diverse applications"
thegentlemen,Global Group,2026-02-15 15:15:48.000000,IN,Not Found,,,"globalgroup.co.in zoominfo.com/c/global-group/437399408 Global Group is a leading construction and real estate company based in Pune, specializing in industrial development and turnkey solutions. With over 15 years of experience, they offer services such as Industrial Park Development, Built-to-Suit"
thegentlemen,Smart Glass,2026-02-13 16:13:12.000000,,Technology,,,"smartglassco.com zoominfo.com/c/smart-glass/348631137 Smart Glass specializes in innovative glass processing technology and operates a state-of-the-art factory located in El Fayoum, Egypt. Their facility spans 40,000 square meters and is equipped with the latest advanced equipment from leading manuf"
thegentlemen,Yash Highvoltage Insulators Pvt,2026-02-13 16:01:39.000000,IN,Manufacturing,,,"yashhv.com zoominfo.com/c/yash-highvoltage-insulators-pvt-ltd/536504217 Yash Highvoltage Ltd. is a leading Indian manufacturer specializing in advanced high voltage and high current transformer bushing solutions, with a global presence and over 40,000 product installations. The company offers a rang"
thegentlemen,Clark Foam Products,2026-02-11 20:35:49.000000,US,Manufacturing,,,"clarkfoam.net zoominfo.com/c/clark-foam-products-corp/25809475 Clark Foam Products is a specialized foam fabricator with over five decades of experience serving various industries, including aerospace, automotive, medical, and packaging. They offer a diverse range of high-quality foam products such "
thegentlemen,NFT Technology,2026-02-10 15:31:05.000000,TW,Technology,,,"nft.com.tw zoominfo.com/c/nft-technology-co-ltd/447009402 NFT Technology Co Ltd is a company that operates in the Chemicals & Related Products industry. It employs 250to499 people and has 50Mto100M of revenue. The company is headquartered in Gangshan Dist., Kaohsiung City, Taiwan."
thegentlemen,Smartply Europe,2026-02-10 15:10:43.000000,IE,Manufacturing,,,"smartply.com zoominfo.com/c/smartply-europe-ltd/1148020571 MEDITE SMARTPLY is a leading manufacturer of sustainable timber construction panels, recognized for its award-winning brands MEDITE and SMARTPLY. The company offers a range of engineered products including moisture resistant and flame retard"
thegentlemen,Novetex Textiles,2026-02-06 18:44:19.000000,HK,Manufacturing,,,"novetex.com zoominfo.com/c/novetex-textiles-ltd/105432365 Established in 1976 and part of the Novel Group, Novetex Textiles Limited is a leader in the textile industry, specializing in sustainable fiber and yarn development. The company excels in creating high-quality yarns and fashion collections t"
thegentlemen,CPQ Ingenieros,2026-02-06 18:37:08.000000,ES,Not Found,,,"cpqingenieros.com zoominfo.com/c/cpq-ingenieros/404026171 specializes in the design of process plants across various sectors including chemical, pharmaceutical, biotechnological, food, and cosmetic industries. Their services encompass basic processes, detailed engineering, project management, constr"
thegentlemen,Nishiyama Seisakusho,2026-02-06 17:43:48.000000,JP,Not Found,,,"nishiyama-ss.co.jp zoominfo.com/c/nishiyama-seisakusho-co-ltd/482975122 Nishiyama Seisakusho Co., Ltd. specializes in the production of precision machinery and components, particularly focusing on high-quality manufacturing since its establishment in 1949. The company offers a range of products incl"
thegentlemen,Silvi SRL,2026-02-06 17:26:44.000000,IT,Not Found,,,"silvi.it Silvi SRL, established in 1990, specializes in advanced industrial automation solutions, offering a range of products including palletizing systems, depalletizing systems, and special machines. The company serves various sectors such as metal packaging, pet food, automotive, chemical and ph"
thegentlemen,Wieson Technologies,2026-02-02 00:00:00.000000,TW,Technology,,,"www.wieson.com https://www.zoominfo.com/c/wieson-technologies-co-ltd/128565406 Wieson Technologies specializes in the design and manufacturing of connectors and cable assemblies, with a focus on super high-speed technology and wireless communications. Their product range includes interconnect compon"
thegentlemen,Nobel Hygiene Pvt,2026-01-31 20:53:44.000000,IN,Manufacturing,,,"www.nobelhygiene.com https://www.zoominfo.com/c/nobel-hygiene-pvt-ltd/348701217 Nobel Hygiene is a leading manufacturer of disposable hygiene products in India, specializing in adult and baby diapers, as well as women's hygiene products. With over 20 years of experience, the company serves more than"
thegentlemen,Handsome Manufacturing,2026-01-31 20:50:18.000000,,Manufacturing,,,"www.handsomegroup.com https://www.zoominfo.com/c/handsome-manufacturing-company-ltd/348223586 HANDSOME was established in 1968 in Hong Kong, with expertise in manufacturing OEM plastic items like toys and gifts. Handsome Industrial Company, Limited is a veteran OEM manufacturer that operates as a cr"
thegentlemen,Gady Family,2026-01-25 00:00:00.000000,AT,Not Found,,,"gady.at zoominfo.com/c/gady-family/431055072 Gady Family is a prominent automotive and agricultural machinery dealer in southeastern Austria, offering a wide range of new and used vehicles including brands like BMW, MINI, Opel, and Toyota. The company also specializes in agricultural machinery and p"
thegentlemen,SASI JSC,2026-01-20 19:06:02.000000,VN,Not Found,,,"sasi.vn - SASI (Saigon Auto Supporting Industry JSC) is a Vietnamese industrial manufacturing company operating via the domain sasi.vn, focused on large-scale OEM production.SASI is a long-established manufacturer, founded in the 1970s, with production facilities located in Ho Chi Minh City (Cu Chi "
thegentlemen,WRP Asia Pacific Sdn Bhd,2026-01-20 17:52:08.000000,MY,Manufacturing,,,"www.wrpworld.com https://www.zoominfo.com/c/wrp-asia-pacific-sdn-bhd/346914589 WRP is one of the world's leading manufacturing and distributing groups producing premium quality gloves for the medical, dental, food and critical environment market. Headquartered in Malaysia, WRP's manufacturing facili"
thegentlemen,Magen Eco Energy,2026-01-20 17:51:03.000000,IL,Energy,,,"www.magen-ecoenergy.com https://www.zoominfo.com/c/magen-eco-energy/346848999 MAGEN eco-ENERGY, an Israeli-based global manufacturer of renewable energy solutions, is the parent company of the Magen International Group. In the nearly forty years since the company was founded, MAGEN eco-ENERGY has gr"
thegentlemen,Orlík Compressors,2026-01-20 17:47:03.000000,CZ,Manufacturing,,,"www.orlik.cz https://www.zoominfo.com/c/orli%CC%81k-compressors/399403693 Orlik specializes in the production and sale of compressors and related accessories, offering a range of piston, screw, and spiral compressors, as well as dryers and pneumatic tools. Their products are designed for industrial "
thegentlemen,PAO HWA TRADING LTD,2026-01-19 21:08:01.000000,TW,Not Found,,,"https://www.paohwa.com/ PAO HWA TRADING CO., LTD is a leading Taiwanese importer and distributor of comprehensive cutting tools for industries including automotive, aerospace, electronics, and mold manufacturing. The company serves as a general agent for brands such as Japan's KYOCERA and a distribu"
thegentlemen,Real Tech,2026-01-11 18:01:31.000000,CA,Not Found,,,https://www.realtech-eg.com Real Tech for the manufacture of electrical and household appliances. A leading company in the manufacture of electrical and household appliances. Real Tech was established in Egypt in 2010 with the help of young people with a high level of technical experience and the hi
thegentlemen,Wamtechnik,2026-01-07 11:33:34.000000,PL,Technology,,,"www.wamtechnik.pl https://www.zoominfo.com/c/wamtechnik-ltd/398138337  Wamtechnik specializes in the production and distribution of batteries and accumulator packs, focusing on lithium-ion technology and other battery types for industrial applications. The company offers tailored battery solutions a"
thegentlemen,Röben Tonbaustoffe GmbH,2026-01-02 16:22:12.443111,DE,Manufacturing,,,"https://www.roeben.com https://www.zoominfo.com/c/ro%CC%88ben/430636767 Röben specializes in building ceramics, offering a wide range of products including roofing tiles, clinker bricks, and ceramic floor tiles. The company serves architects, contractors, and homeowners, providing not only products "
thegentlemen,Usina Sao Jose Do Pinheiro,2025-12-24 09:21:23.000000,BR,Agriculture and Food Production,,,"www.usjp.com.br https://www.zoominfo.com/c/usina-sao-jose-do-pinheiro/465258703 Located in the municipality of Laranjeiras, Sergipe State, the São José do Pinheiro Sugar Mill is a century-old company that provides excellent service in the commercialization and manufacture of sugar, alcohol, molasses"
thegentlemen,Dongguan HYX Industrial,2025-12-08 00:00:00.000000,CN,Manufacturing,,,"https://en.hoyxn.com https://hyx.manufacturer.globalsources.com/homepage_6008838389834.htm https://www.facebook.com/Cables.Speakers/ https://freshdi.com/supplier/Dongguan-HYX-Industrial-Co-Ltd--DblXWk 25+ Years of Manufacturing Experience Founded in 1998, HYX (Dongguan HYX Industrial Co., Ltd.) is a"
thegentlemen,Everbiz Industrial Co. Ltd.,2025-11-29 00:35:37.000000,TW,Not Found,,,"www.everbiz.com.tw https://www.zoominfo.com/c/everbiz-industrial-co-ltd/456233474 Since that time, we have manufactured thousands of assemblies for a wide variety of industrial. Many biggest 1000 companies have come to rely on our unique process to fulfill their requirements. This diverse manufactur"
thegentlemen,Talarico,2025-11-24 16:06:22.000000,IT,Not Found,,,www.talaricosrl.it https://www.zoominfo.com/c/talarico-srl/533118720  Talarico SRL has 30 years of experience in thermohydraulics and technological systems. The company boasts a well-stocked retail sales counter and has completed large industrial installations. Its extensive showroom features the be
thegentlemen,A***-****.com,2025-11-17 10:59:02.000000,,Not Found,,,🇨🇳 Semiconductor industry
thegentlemen,************.com,2025-11-16 23:35:28.000000,,Not Found,,,🇨🇳 Semiconductor industry
thegentlemen,Astra Otoparts / PT. Inti Ganda Perdana,2025-10-03 19:01:03.000000,ID,Manufacturing,,,Stock Symbol AUTO.JK www.astra-otoparts.com http://www.igpgroup.astra.co.id https://www.zoominfo.com/c/pt-astra-otoparts-tbk/344291036 https://rocketreach.co/pt-inti-ganda-perdana-profile_b5c1ba2ff42e08d3 20 billion USD revenue. Astra Otoparts is an Indonesia-based manufacturing company. The Company
thegentlemen,Proplastics,2025-09-09 16:03:13.748488,ZW,Manufacturing,,,"www.proplastics.co.zw , https://www.zoominfo.com/c/proplastics-ltd/395663229 Proplastics is a leading supplier of world class plastic pipe systems for water and sewer reticulation to SouthernAfrica. Established in 1965, Proplastics has 50 years of experience in the industry and has grown and evolved"
thegentlemen,Dolidol,2025-09-09 15:53:18.978683,MA,Not Found,,,"www.dolidol.ma , https://www.zoominfo.com/c/dolidol/426056693 Established in 1972, Dolidol is one of the oldest mattress manufacturers in Morocco and a leading player in thghout Morocco, perceived as being higher-end with better quality products. Dolidol manufactures and sells polyurethane foam, mat"
thegentlemen,LOCATION PEINTURES PRESTATIONS (LPP),2025-09-04 23:14:13.000000,FR,Not Found,,,"Créée en 1991, la société LOCATION PEINTURES PRESTATIONS (LPP) est une société française dont le siège social est situé en Ile-de-France, au cœur de l'Essonne. Initialement spécialisée dans la peinture anti-corrosion et autres prestations, LPP s'est professionnalisée dans la conception, la fabricati"
thegentlemen,Saelen/Heizomat,2025-09-01 20:50:43.000000,FR,Manufacturing,,,"www.saelen.fr www.saelen-energie.fr https://www.zoominfo.com/c/saelen/457994561 https://www.zoominfo.com/c/heizomat-france---saelen-energie/476105707 Découvrez les broyeurs de branches et de végétaux Saelen. Demandez une démonstration et découvrez les broyeurs Eliet, les tondeuses Walker et Wessex, "
thegentlemen,Hydrometrics,2025-08-25 00:00:00.000000,US,Manufacturing,,,"www.hydrometrics.com https://www.zoominfo.com/c/hydrometrics-inc/18513967 Hydrometrics, Inc. is a Montana-based company that offers professional scientific and engineering services to industrial, commercial, municipal, and private sectors throughout the United States. With over 40 years of experienc"
thegentlemen,"Narumi (Thailand) Co.,Ltd.",2025-08-19 09:28:17.000000,TH,Manufacturing,,,"NARUMI (THAILAND) CO., LTD. is a subsidiary of Narumi Goukin Manufacturing Co., Ltd. of Japan, established in June 2010 and located in the WHA Eastern Seaboard Industrial Estate, Rayong, Thailand. The company specializes in the manufacturing of plastic automotive components such as door handles, tai"
thegentlemen,Laboratorio Clinico Santa Rita,2025-08-14 19:44:18.000000,CR,Healthcare,,,"Santa Rita Laboratorios offers a wide range of medical laboratory services, including hematology, immunology, microbiology, and molecular biology. The company is committed to preserving health through accurate diagnostics and operates with state-of-the-art technology and high-resolution equipment. T"
thegentlemen,AB Mauri Private,2025-07-05 03:16:51.000000,IN,Manufacturing,,,"www.abmauri.in https://www.zoominfo.com/c/a-b-mauri-india-private-ltd/1131488896 A B Mauri India Private Ltd is a company that operates in the Food & Beverage industry. It employs 100to249 people and has 25Mto50M of revenue. The company is headquartered in Ernakulam North, Kerala, India. Daughter co"
thegentlemen,JN Aceros,2025-06-30 20:38:44.000000,CO,Manufacturing,,,"www.jnaceros.com.pe, https://www.zoominfo.com/c/jn-aceros/455686474, JN Aceros is a company that operates in the HR & Staffing industry. It employs 50to99 people and has 100MMto250M of revenue. The company is headquartered in San Luis, Lima region, Peru."
thegentlemen,Cremona Inoxidable,2025-06-27 00:35:06.000000,AR,Manufacturing,,,"www.creminox.com , https://www.zoominfo.com/c/cremona-inoxidable-sa/359162083 Cremona Inoxidable S.A. specializes in manufacturing equipment and systems for the food industry, particularly focusing on products for the processing lines of meat and sausages. Their offerings include multiple molding sy"
thegentlemen,Kuwait Portland Cement,2025-06-27 00:10:59.000000,KW,Manufacturing,,,"www.portlandkw.co , https://www.zoominfo.com/c/kuwait-portland-cement-co/372134369 Stock Symbol = PCEM Kuwait Portland Cement Company specializes in the trading, importing, and exporting of various types of bulk cement and its packaging. The company is involved in establishing and managing warehouse"
thegentlemen,"JIEI (Thailand) Co., Ltd",2025-06-24 00:00:00.000000,TH,Not Found,,,"https://jieithai.com JIEI (Thailand) Co., Ltd. was founded in November 2011 as a member company of the Kasei Kogyo Co., Ltd. group. Active in business since 1966, the Kasei Kogyo group, with a core focus on rubber extrusion for automobile use, has arrived at the present together with the development"
thegentlemen,Ophtazon,2025-02-19 00:00:00.000000,FR,Not Found,,,"https://www.zoominfo.com/c/ophtazon/457685589 https://www.ophtazon.com OPHTAZON, the first medical equipment platform dedicated to ophthalmology, links doctors or clinics wishing to sell their equipment with potential buyers whatever the equipment put up for sale or the geographical situation of the"
thegentlemen,Flavor Producers,2025-02-19 00:00:00.000000,US,Agriculture and Food Production,,,"https://flavorproducers.com/ https://www.zoominfo.com/c/flavor-producers-inc/23530808 Flavor Producers is a leading manufacturer specializing in organic, natural, and plant-based flavors and extracts. The company focuses on creating new taste experiences tailored for food, nutrition, and beverage ap"
thegentlemen,HSR Specialist Researchers,2025-02-19 00:00:00.000000,GB,Not Found,,,"hsr.specialistresearchers.com.br https://www.zoominfo.com/c/hsr-specialist-researchers/372422527 HSR Specialist Researchers is the largest independent market research company in Brazil, offering specialized research services across various sectors including automotive, education, finance, healthcare"
thegentlemen,BioNet-Asia,2025-02-19 00:00:00.000000,TH,Healthcare,,,"https://bionet-asia.com/ https://www.zoominfo.com/c/bionet-asia-co-ltd/346273011 BioNet is a vaccine manufacturer focused on developing recombinant and mRNA vaccines to combat respiratory diseases and other public health challenges globally. With over 25 years of experience, BioNet has successfully "
thegentlemen,Hart,2025-02-19 00:00:00.000000,,Not Found,,,"https://hartphp.com.pl https://www.zoominfo.com/c/hart-sp-zoo/469629635 HART was founded in 1990 specialize in the wholesale of parts and accessories for passenger cars, vans and motorcycles, also offering workshop equipment and electric scooters. In addition to goods from renowned suppliers, HART a"
thegentlemen,Hog Slat,2025-02-19 00:00:00.000000,US,Manufacturing,,,"https://www.zoominfo.com/c/hog-slat-inc/48483868 https://www.zoominfo.com/c/hog-slat-inc/406568064 Hog Slat, Inc. is the largest contractor and producer of equipment for hog farmers in the United States, employing approximately 1,000 direct employees and an additional 1,400 subcontractors for constr"
thegentlemen,Abatix,2025-02-19 00:00:00.000000,US,Manufacturing,,,"https://www.zoominfo.com/c/abatix-corp/99255 www.abatix.com Foundeded in 1983, Abatix is a supplier of products for the general construction, industrial safety, petrochemical, energy, environmental, hospital, fire and water restoration, and disaster response industries supporting customers across th"
thegentlemen,PT Pupuk Iskandar Muda,2024-04-03 00:00:00.000000,ID,Manufacturing,,,"www.pim.co.id https://www.zoominfo.com/c/pt-pupuk-iskandar-muda/372769605 PT Pupuk Iskandar Muda is a chemical manufacturing company based in Lhokseumawe, Aceh. As a subsidiary of PT PIHC, they focus on producing two key agricultural products: urea and ammonia fertilizers. Their factory helps farmer"
akira,Alva Manufacturing,2026-04-21 00:00:00.000000,,Manufacturing,,,"Alva Manufacturing specializes in CNC precision machining, focusi
ng on milling and multi-axis turning for high-tech industries suc
h as defense and space. They utilize state-of-the-art automated m
achining centers and advanced measuring technology, including Hex
agon CMM and Keyence systems.

We wi"
akira,Fletcher Chrysler Products,2026-04-15 00:00:00.000000,,Manufacturing,,,"Fletcher Chrysler Dodge Jeep Ram is a dealership located in Frank
lin, IN, offering a wide selection of new and used Chrysler, Dodg
e, Jeep, and Ram vehicles. They serve clients in Franklin, Indian
apolis, Shelbyville, and surrounding areas, providing assistance 
in vehicle purchasing, financing opt"
akira,INDESMALLA,2026-04-14 00:00:00.000000,AR,Manufacturing,,,"Indesmalla is a family business with two production plants, one w
ith raschel machines and the other with Ketten machines. It produ
ces knitted weft (circular) fabric and knitted and finished weft 
fabrics in different weights, draws and elasticity.

We will upload corporate data soon. Personal data"
akira,Newman & Marquez,2026-04-09 00:00:00.000000,,Not Found,,,"Sehlmann Fensterbau GmbH specializes in wooden and wood-metal win
dows in the Hamburg metropolitan area. They offer optimal window 
solutions for innovative new constructions and stylish renovation
s, providing services from consultation and planning to productio
n and installation.

We will upload "
akira,Sehlmann Fensterbau,2026-04-09 00:00:00.000000,DE,Manufacturing,,,"Sehlmann Fensterbau GmbH specializes in wooden and wood-metal win
dows in the Hamburg metropolitan area. They offer optimal window 
solutions for innovative new constructions and stylish renovation
s, providing services from consultation and planning to productio
n and installation.

We will upload "
akira,Shingle & Gibb Automation,2026-04-09 00:00:00.000000,,Manufacturing,,,"Shingle & Gibb Automation follows a time-honored commitment of pr
oviding the finest Industrial Automation & Networking, Motion Con
trol, Machine Safety and Power Transmission products from world l
eading manufacturers, including Siemens, Banner Engineering, Turc
k and Rittal.

We will upload 25gb o"
akira,Adrian Jules,2026-04-07 00:00:00.000000,,Not Found,,,"Adrian Jules Ltd. specializes in the design, manufacturing, and w
holesaling of custom clothing made in America, focusing on bespok
e garments crafted by hand. The company offers a range of men's c
lothing styles and provides a private label service for those loo
king to create their own luxury clot"
akira,Gauthier Connectique,2026-04-06 00:00:00.000000,FR,Manufacturing,,,"Gauthier Connectique makes specialized connectors for both civili
an and military aircraft. They're experts at creating precise con
nection parts that keep planes safely linked together.

We will upload 42gb of corporate data soon. Employee scanned docs
(passport, DLs and so on), drawings and specif"
akira,Aqua-Serv© Engineers,2026-04-06 00:00:00.000000,,Business Services,,,"Aqua-Serv Engineers, Inc. is one of the largest independent regio
nal industrial water treatment companies in the United States, he
adquartered in Fontana, California. They provide a wide range of 
water treatment products and services to various industries, incl
uding healthcare, government, food a"
akira,"American Vintage Home, Briggs Plumbing Products, Genco Manufacturing, American Vintage Hom...",2026-04-03 00:00:00.000000,US,Manufacturing,,,"We obtained about 11gb of data of the following companies:

American Vintage Home specializes in heating, air conditioning, a
nd plumbing services tailored for vintage homes in the Chicago No
rth Shore area. Their expert technicians focus on preserving the 
charm of older homes while providing moder"
akira,Woodland Trade,2026-04-03 00:00:00.000000,US,Not Found,,,"Woodland Trade Company is a full-service tool design and manufact
uring firm based in Tacoma, Washington, specializing in tool desi
gn and fabrication using composites, metals, and 3D printed hardw
are. The company serves a diverse range of industries including a
erospace, automotive, marine, medica"
akira,Serap,2026-04-02 00:00:00.000000,FR,Not Found,,,"SERAP is an independent company and opened up its capital to empl
oyees on a voluntary basis. Today more than 90% of SERAP employee
s are company shareholders. SERAP operates an ambitious developme
nt strategy on every continent and is currently the 1st largest w
orld manufacturer of on-farm milk co"
akira,Swagelok,2026-04-01 00:00:00.000000,US,Manufacturing,,,"Swagelok is a worldwide leader in industrial fluid system manufac
turing and support. Since the introduction of the revolutionary, 
leak-tight Swagelok® tube fitting in 1947, they have applied a pa
ssion for making high-quality products and an unwavering focus on
meeting customer needs to help a wid"
akira,Builtrite,2026-04-01 00:00:00.000000,,Not Found,,,"Northshore Manufacturing offers 3 main product lines that are mar
keted under the Builtrite Brand. The company also produce compone
nts for several O.E.M.'s and tackle custom projects within the co
mpany's realm of expertise.

We will upload 40gb of corporate data soon. Detailed employee pas
sports,"
akira,Dean Supply,2026-03-31 00:00:00.000000,US,Consumer Services,,,"Dean Supply specializes in providing a comprehensive range of res
taurant supplies and equipment, including kitchenware, dining ess
entials, and janitorial products. 

We will upload 15gb of corporate data soon. Employee medical info
rmation and other docs, NDAs, financials, projects, contracts and
"
akira,Cox Design & Metal Fabrication,2026-03-31 00:00:00.000000,US,Manufacturing,,,"Cox Design and Metal Fabrication, Inc. specializes in custom meta
l design and fabrication, offering a wide range of services inclu
ding aluminum fabrication, architectural steel design, and custom
food trucks.

We will upload 20gb of corporate data soon. Employee personal doc
ument, financials, pro"
akira,Frontier Technologies,2026-03-27 00:00:00.000000,,Technology,,,"New Frontier Technologies (NFT) is a system integrator specializi
ng in bridging the gap between industrial automation and business
data, providing solutions such as SCADA systems, PLCs, remote op
erations, and cyber security. Their services cater to a variety o
f sectors, including oil and gas, dis"
akira,Quality Carton and Converting,2026-03-27 00:00:00.000000,US,Manufacturing,,,"Quality Carton and Converting, LLC. specializes in food and bever
age paperboard packaging, offering both in-stock items and custom
folding carton solutions. Their product range includes various t
ypes of bakery and donut boxes, pizza boxes, cupcake inserts, and
utility trays.

We will upload corpor"
akira,Axiomatic Technologies Corporation,2026-03-27 00:00:00.000000,US,Technology,,,"Axiomatic Technologies is a quality designer and manufacturer of 
electronic controllers and power management converters Robust and
reliable electronic controls optimize working machines for perfo
rmance and emission control. Axiomatic Technologies is located in
Canada.

We will upload 10gb of corpo"
akira,French Engineering,2026-03-24 00:00:00.000000,FR,Manufacturing,,,"French Engineering offers a range of services in Traffic Engineer
ing, Water Resources Engineering, and Sustainable Planning and De
sign Consulting in Pennsylvania, West Virginia, and Maryland. The
ir services include traffic data collection, traffic signal desig
n, roadway safety audits, and transp"
akira,"Concord Components, Wefapress, Environment Masters, FairmontHot Springs Resort,Road Americ...",2026-03-24 00:00:00.000000,,Manufacturing,,,"We obtained about 17gb of data of the following companies:

JConcord Components, Inc. was founded in 1995 in Concord, Nebrask
a as a retail catalog company, supplying hard-to-find electronic 
components. 

Wefapress is a leading manufacturer of plastic products, speciali
zing in high-quality semi-fi"
akira,Dixon Electrical Systems & Contracting,2026-03-23 00:00:00.000000,US,Construction,,,"Dixon Electrical is a one-stop, full service electrical contracti
ng firm that installs industrial work, as well as any size commer
cial project. The company provides preventative maintenance, incl
uding Infrared Thermography, and install all levels of telecommun
ications, fiber, CATV, sound, Inform"
akira,Schmiede,2026-03-23 00:00:00.000000,DE,Not Found,,,"Schmiede Corporation specializes in high-precision contract machi
ning, focusing on complex and difficult-to-machine components wit
h tight tolerances. The company offers a range of services includ
ing rebuilding, retrofitting, remanufacturing, and the production
of specialty machines, fixtures, and"
akira,bdtronic,2026-03-20 00:00:00.000000,DE,Manufacturing,,,"bdtronic provides innovative solutions for dispensing, impregnati
on, hot riveting, and plasma applications, serving various indust
ries including automotive, electronics, telecommunications, and r
enewable energy.

We will upload 40gb of corporate data soon. Employee personal inf
ormation (passport"
akira,Motorpal,2026-03-20 00:00:00.000000,CZ,Manufacturing,,,"MOTORPAL, a. s. is a prominent manufacturer of injection systems 
for diesel engines, established in 1946. The company specializes 
in producing a range of products including injection pumps, injec
tors, and spare parts, as well as providing sales and service sup
port.

We will upload 31gb of corpor"
akira,Career Adventures,2026-03-19 00:00:00.000000,,Business Services,,,"Career Adventures, Inc is a leading employment agency in Shrevepo
rt and Bossier City, Louisiana, specializing in temporary and ful
l-time staffing solutions for start-up manufacturing facilities. 
With over 30 years of experience, they provide tailored programs 
that enhance employee performance an"
akira,The Decorative Paving,2026-03-19 00:00:00.000000,,Construction,,,"Decorative Paving Company specializes in the manufacturing, insta
llation, and distribution of high-quality paving systems. With ov
er twenty years of experience, the company has established a stro
ng international reputation for excellence in its services.

We will upload 20gb of corporate data soo"
akira,Texollini,2026-03-18 00:00:00.000000,US,Manufacturing,,,"Texollini is a textile manufacturer that combines fashion and tec
hnology to create innovative materials and advanced performance t
extiles. They offer a wide range of products including activewear
, athleisure wear, swimwear, and intimate apparel, catering to va
rious markets. 

We will upload 20gb"
akira,Reflex Angelo,2026-03-18 00:00:00.000000,IT,Manufacturing,,,"Reflex Angelo specializes in high-end furniture and lighting solu
tions, offering a diverse range of products including tables, cha
irs, sofas, and bespoke designs. Their collections, such as Linea
Disegno and Linea Glamour, blend modern aesthetics with classic 
Venetian influences, showcasing a com"
akira,Rainbow Technology,2026-03-18 00:00:00.000000,,Not Found,,,"Rainbow Technology specializes in providing a wide range of produ
cts and services tailored for the utility and industrial markets,
including safety items and specialty products. Their offerings i
nclude adhesives, sealants, cleaning supplies, personal protectio
n equipment, and tools, aimed at deli"
akira,"Pilana Group, TRITCON",2026-03-16 00:00:00.000000,CZ,Not Found,,,"Pilana Group is a Czech company with nearly 90 years of experienc
e, specializing in the production of industrial knives and parts 
for the wood processing, recycling, and metal processing industri
es. They serve over 1400 customers globally, providing high-quali
ty products for various machine manu"
akira,Extreme Trailers,2026-03-12 00:00:00.000000,GB,Manufacturing,,,"Extreme Trailers, LLC is located in Dover, Ohio and is a leader i
n innovative design and high-quality manufacturing of equipment f
or the flatbed trailer market. Established in 2016 in Dover, Ohio
, the company manufactures a diverse range of products, including
: an innovative, patent-pending desi"
akira,Peninsular Electric Distributors,2026-03-09 00:00:00.000000,US,Energy,,,"Peninsular Electric offers a wide range of products including ele
ctrical equipment, heavy construction machinery, cleaning supplie
s, and safety gear. Their services cater to various sectors such 
as residential, commercial, and industrial clients.

We will upload 60gb of corporate data soon. Emplo"
akira,Fiberglass Hawaii,2026-03-09 00:00:00.000000,US,Manufacturing,,,"Fiberglass Hawaii specializes in high-quality products tailored f
or the marine and surf industries. Their offerings include fiberg
lass, resin, blanks, tools, and various accessories.

We will upload corporate data soon. Customer information, financi
als, projects and so on.
"
akira,Siwax Specialties Group,2026-03-06 00:00:00.000000,,Not Found,,,"Siwax Group specializes in the design and production of high-qual
ity waxes, emulsions, and hotmelts for various industries. Their 
extensive product range caters to sectors such as packaging, food
, rubber, surface treatments, and cosmetics.

We will upload 13gb of corporate data soon. Employee per"
akira,Verdugo Tool & Engineering,2026-03-06 00:00:00.000000,US,Manufacturing,,,"Verdugo Tool and Engineering specializes in sheet metal stamping 
parts, serving industries including aerospace, defense, automotiv
e, medical, and commercial for over 50 years. They offer a one-st
op shop for all sheet metal needs, providing services such as too
l and die design, laser cutting, met"
akira,Trionex,2026-03-05 00:00:00.000000,DE,Not Found,,,"Trionex Achats specializes in the manufacturing and repair of hyd
raulic and pneumatic cylinders, as well as providing hydraulic se
rvices and engineering solutions. Their product offerings include
a wide range of hydraulic components, pumps, filtration systems,
and pneumatic equipment, catering to "
akira,Schaltbau,2026-03-05 00:00:00.000000,DE,Manufacturing,,,"Schaltbau develops and manufactures electromechanical components 
and innovative driver's desks for railways and industry. Since 19
29, the company has been responsible for the safe operation of ra
il services, and today the company protect systems in industrial 
applications for renewable energy, e"
akira,Ecofit,2026-03-05 00:00:00.000000,CA,Not Found,,,"Rosenberg Vendôme specializes in ventilation solutions, offering 
customized design and manufacturing services. They provide techni
cal support tailored to meet the specific needs of their clients,
ensuring energy-efficient and effective ventilation systems.

We will upload 16gb of corporate data so"
akira,Applied Products,2026-03-05 00:00:00.000000,,Not Found,,,"Applied Products, Inc. is a leading supplier of high-performance,
pressure-sensitive adhesives for various OEM industries such as 
HVAC, construction, automotive, and appliance manufacturing.

We will upload corporate data soon. Employee passports, DLs, proj
ects, confidential agreements, clients do"
akira,BK Group,2026-03-04 00:00:00.000000,NL,Not Found,,,"bk Group is the leading general contractor in Europe for interior
construction and technical facility management. They specialize 
in planning, building, and maintaining various types of projects,
including retail stores, fitness centers, and automotive buildin
gs.

We will upload 89gb of corporate "
akira,HTH Companies,2026-03-04 00:00:00.000000,US,Construction,,,"HTH Companies Inc. is a leading professional industrial service p
rovider, specializing in scaffold erection, mechanical insulation
, industrial cleaning, industrial maintenance, mechanical work, a
nd painting and coatings.

We will upload over 60gb of corporate data soon. Employee persona
l files ("
akira,ICAFe Companies,2026-03-02 00:00:00.000000,,Not Found,,,"Southwest Air Equipment is a single-source equipment supplier ded
icated to the spray foam industry, offering comprehensive service
s including replacement parts, repairs, and complete spray rig se
tups.

We will upload corporate data soon. Lots of clients files, NDAs, 
contracts and agreements, fin"
akira,Westiform Germany,2026-02-24 00:00:00.000000,DE,Not Found,,,"Westiform Germany produces and create corporate design products a
nd innovative technical plastics solutions. 

We will upload 150gb of corporate data soon. Employees' personal 
documents, specifications, projects, financials, confidential agr
eements, NDAs, etc.
"
akira,Huber,2026-02-24 00:00:00.000000,,Not Found,,,"Huber AG manufactures mailbox and parcel locker systems for resid
ential complexes, as well as individual and group mailboxes for s
pecialist retailers.

We will upload corporate data soon. Employee personal documents s
cans (passports, DLs and so on), specifications, projects, financ
ials, etc.
"
akira,Microforum,2026-02-24 00:00:00.000000,IT,Technology,,,"WMicroforum specializes in vinyl record pressing and offers a var
iety of services including CD/DVD & Blu-Ray production, cassette 
duplication, and bespoke packaging.

We will upload over 1TB of corporate data soon. Employee files, s
pecifications, projects, detailed financials, confidential agreem"
akira,The Cherokee Group,2026-02-20 00:00:00.000000,,Not Found,,,"Fabcon manufactures and erects precast concrete wall panels for e
very type of structure. Projects range from a 10,000 square-foot 
machine shop to a one-million square foot distribution center, an
d from a single-story bakery to a 16-story housing facility.

We will upload corporate data soon. Empl"
akira,Fabcon,2026-02-20 00:00:00.000000,US,Construction,,,"Fabcon manufactures and erects precast concrete wall panels for e
very type of structure. Projects range from a 10,000 square-foot 
machine shop to a one-million square foot distribution center, an
d from a single-story bakery to a 16-story housing facility.

We will upload almost 190gb of corporate"
akira,iSMA CONTROLLI,2026-02-16 00:00:00.000000,PL,Manufacturing,,,"iSMA CONTROLLI S.p.A. specializes in providing a wide range of pr
oducts including valves, actuators, sensors, controllers, and sof
tware solutions for building management systems.

We will upload corporate data soon. Clients' files, projects and 
specifications and other data.
"
akira,Mep Technologies,2026-02-12 00:00:00.000000,CA,Not Found,,,"MEP Technologies has firmly established itself as a reliable cust
om metal fabricator. A full service contract manufacturer and tur
nkey product approach with a proven reputation of service and qua
lity, providing high quality custom metal fabrication for industr
ial use. 

We are going to upload co"
akira,United Hospital Supply,2026-02-05 00:00:00.000000,,Healthcare,,,"Fenco Solutions is a leading American manufacturer specializing i
n laboratory-related products, including lab casework, tables, sa
fety cabinets, fume hoods, and biosafety cabinets. The company of
fers a wide range of services such as lab design, consulting, ins
tallations, renovations, project man"
akira,Farsound Aviation,2026-02-05 00:00:00.000000,UK,Manufacturing,,,"Farsound Aviation Limited specializes in aerospace supply chain m
anagement, offering personalized care tailored to each client's u
nique needs. Their services include custom kitting solutions, dir
ect line feed options, and vending machine provisions, primarily 
targeted at the aerospace sector for"
akira,Zurflüh-Feller,2026-02-02 00:00:00.000000,FR,Manufacturing,,,"Zurflüh-Feller is a leading French manufacturer of components for
roller shutters, specializing in systems and solutions for build
ing closures since 1920. The company is committed to optimizing l
ogistics and providing technical partnerships, ensuring timely de
livery and tailored support for its c"
akira,JST Power Equipment,2026-02-02 00:00:00.000000,CN,Manufacturing,,,"Founded in 1993, J.S.T. provides product development of any elect
ric connection systems in products like amusement equipment, audi
o and visual equipment, household appliances, office equipment, i
ndustrial equipment, automobiles, and traffic systems.

We will upload 70gb of corporate data soon. Em"
akira,Northeast IndustrialManufacturing,2026-01-30 00:00:00.000000,,Manufacturing,,,"Northeast Industrial Manufacturing (NEIM), founded in 1993, speci
alizes in high-quality goods and services tailored to the waste, 
recycling, scrap, oil, and gas industries. Their team boasts exte
nsive expertise, committed to delivering optimal services at comp
etitive prices.

We will upload 10gb"
akira,Melton Machine & Control,2026-01-29 00:00:00.000000,US,Manufacturing,,,"Melton Machine & Control specializes in factory automation soluti
ons, offering a variety of products including robotic welding sys
tems, automated inspection systems, and collaborative robots. The
company provides tailored automation solutions across diverse in
dustries such as agriculture, manufac"
akira,Easypak,2026-01-29 00:00:00.000000,US,Manufacturing,,,"EasyPak is a leading provider of thermoformed packaging solutions
for a wide range of industries and applications globally. We off
er dependable, high-performing plastic packaging for food, consum
er goods, medical, and industrial applications.

We will upload 70gb of corporate data soon. Very detai"
akira,"JA Riollano, M&W Manufacturing, Mirbeau Hospitality Services, Reuland Electric Motor Co, S...",2026-01-23 00:00:00.000000,US,Manufacturing,,,"We obtained about 28gb of data of the following companies:

JA Riollano Co, Inc. is a leading provider of school, office, cra
ft, and copy supplies featuring the largest inventory and variety
of educational products. The company offers online shopping with
options for in-store pickup or direct shipp"
akira,Spiros Industries,2026-01-22 00:00:00.000000,,Not Found,,,"Spiros Industries is a custom manufacturing company specializing 
in precision springs and wire forms, known for its commitment to 
quality and expertise. They serve various industries, particularl
y medical, firearms, and packaging, and offer services including 
prototyping and specialty packaging."
akira,Radial Engineering,2026-01-22 00:00:00.000000,CA,Technology,,,"Radial Engineering, founded in 1991 and Port Coquitlam British Co
lumbia, is a manufacturer of professional audio products.

We will upload 31gb of corporate data soon. Employee and customer
data, financials, project files, NDAs and so on.
"
akira,Van Eycken,2026-01-22 00:00:00.000000,BE,Not Found,,,"Van Eycken specializes in providing reliable and efficient soluti
ons in the fields of railings, structures, bridges, vehicle barri
ers, sound barriers, assembly work, and metalworking.

We will upload 69gb of corporate data soon. Detailed employee per
sonal information (passports and scan of other "
akira,Industrial Rivet & Fastener Company,2026-01-16 00:00:00.000000,US,Manufacturing,,,"Industrial Rivet & Fastener Company specializes in a vast range o
f high-quality rivets and riveting tools, serving distributors an
d end users in various industries, including automotive.

We will upload 36gb of corporate data soon. Employee personal inf
ormation (SSNs, passports, IDs and so on), H"
akira,DigiCOURSE,2026-01-16 00:00:00.000000,,Manufacturing,,,"DigiCOURSE is a worldwide industry leader specializing in command
and control positioning systems for offshore marine oil and gas 
exploration. The company offers a range of services including eng
ineering, customized manufacturing, and non-magnetic calibration 
among others.

We will upload corpora"
akira,MicroPrecision,2026-01-16 00:00:00.000000,CH,Not Found,,,"MicroPrecision specializes in defect-free custom turned and mille
d products, offering precision manufacturing services to a variet
y of industries, including medical, automation, and oil and gas.

We will upload 10gb of corporate data soon. Lots of operational f
iles, customer data, employee files "
akira,Commenco,2026-01-16 00:00:00.000000,US,Technology,,,"Commenco specializes in Wireless network infrastructure, Private 
LTE, wireless devices, equipment installations, system deployment
s, tower maintenance, and technology support services for commerc
ial, industrial, and government operations.

We will upload corporate data soon. Client data, payment "
akira,Fechner Pump & Supply,2026-01-14 00:00:00.000000,US,Manufacturing,,,"Fechner Pump Supply has been serving the oil and gas industry in 
Oklahoma and southern Kansas for over 33 years, offering a wide r
ange of products and services tailored to both independent produc
ers and large corporations.

We will upload 157gb of corporate data soon. Employee personal in
formati"
akira,Rebars & Mesh,2026-01-14 00:00:00.000000,AU,Manufacturing,,,"Rebars & mesh is an independent WBE-certified reinforcing steel f
abricator serving New England and Eastern New York. The company s
pecializes in rebar fabrication, pre-assembly services, and offer
s a wide range of complementary products such as welded wire mesh
and bar supports. 

We will upload 1"
akira,TruGolf,2026-01-14 00:00:00.000000,US,Not Found,,,"TruGolf develops and manufactures golf simulation hardware and so
ftware for both business and consumer markets. The company specia
lizes in creating immersive virtual golf experiences that accurat
ely replicate course designs and gameplay nuances.

We will upload 37gb of corporate data soon. Employ"
akira,Bulk Handling Systems Companies,2026-01-13 00:00:00.000000,US,Manufacturing,,,"BHS serves a diverse clientele, including waste management compan
ies, recyclers, and municipalities, helping them navigate changin
g material streams and energy recovery challenges.
NRT is a leader in plastic bottle and flake sorting technology, b
oasting the largest installed capacity in PET plast"
akira,Brockhaus,2026-01-12 00:00:00.000000,DE,Not Found,,,"Brockhaus Fertigungstechnik offers custom-designed special-purpos
e machinery, efficient retrofitting, and complex control technolo
gy.

We will upload 44gb of corporate data soon. Financials, Lots of i
nternal data, scanned employee documents, client information, pro
jects, drawings and specificati"
akira,McCraw Oil,2026-01-09 00:00:00.000000,US,Energy,,,"Founded in 1948, McCraw Oil provides gas, diesel, propane, agricu
ltural chemicals and other products to service stations and custo
mers in Texas and Oklahoma. Bonham, Texas.

We will upload 40gb of corporate data soon. We will upload employ
ee documents, lots of projects, specifications and drawing"
akira,"Swavelle Group, Wearbest Sil-Tex Mills",2026-01-09 00:00:00.000000,US,Manufacturing,,,"Swavelle Group Fabric Solutions is a diverse textile supplier tha
t offers a wide array of fabrics suitable for various decorating 
needs.

Wearbest Siltex Mills is a family-run textile manufacturer locate
d in Garfield, New Jersey. The firm serves residential clients an
d furniture manufacturers.

"
akira,These companies havebeen hacked.,2026-01-08 00:00:00.000000,,Not Found,,,"We didn't take their data but you can try on your own. If you wan
t details, leave your contacts.

Gateway Fiber
Shout! Factory
FilmRise
Huebsch Services
Crawford Software Consulting
"
akira,Labeltex Group,2026-01-07 00:00:00.000000,HK,Manufacturing,,,"Labeltex Group Srl offers products made with certified raw materi
als in a continuous process that looks to the future of the texti
le industry and the planet.

We will upload corporate data soon. Financial data, agreements an
d other internal files.
"
akira,RJS,2026-01-07 00:00:00.000000,,Not Found,,,"RJS Corporation is a global supplier of equipment for the tire ma
nufacturing industry, specializing in products such as tension co
ntrollers, creel systems, and specialty tire equipment.

We will upload corporate data soon. You will find detailed employ
ee information (SSNs, passport numbers, DLs, "
akira,BUHLMANN GROUP,2026-01-07 00:00:00.000000,DE,Manufacturing,,,"BUHLMANN GROUP is a premium trading company specializing in steel
pipes, pipe fittings, and accessories, serving various industrie
s including energy, chemicals, shipbuilding, and machine construc
tion.

We will upload more than 55gb of corporate data soon. Lots of dra
wings and specifications, conf"
akira,Gebrüder Bagusat GmbH & Co. KG,2026-01-05 00:00:00.000000,DE,Agriculture and Food Production,,,"Gebrüder Bagusat GmbH & Co. KG is a Food and Beverage Manufacturi
ng, Business Services General, and Business Services company.

We will upload corporate 20gb of corporate data soon. Project fil
es, financials, contracts and agreements, customers and partners 
information and so on.
"
akira,Ruhrpumpen,2025-12-26 00:00:00.000000,DE,Manufacturing,,,"Founded in 2000 and headquartered in Tulsa, Oklahoma, Ruhrpumpen 
Group designs manufactures, and supplies pump and pumping equipme
nt. The Company produces overhung pumps, vertical pumps, hydrauli
c decoking systems, fire pumps, and other products.

We will upload 142gb corporate data soon. SSNs of"
akira,Steel Dynamics,2025-12-24 00:00:00.000000,US,Manufacturing,,,"Steel Dynamics is a leading manufacturer of steel products and pr
ovider of metals recycling services operating in the United State
s and internationally since 1993. The company produces a comprehe
nsive range of steel products including sheet steel, structural b
eams, rail products, engineered bars"
akira,J Grennan & Sons,2025-12-24 00:00:00.000000,IE,Agriculture and Food Production,,,"J Grennan & Sons is a family owned Agri-trading business. They co
re business is the manufacturing and distribution, at both wholes
ale and retail level of Animal Feeds, Farm Fertilisers and Agricu
ltural Seeds. The retailing and wholesaling of Agrochemicals, Far
m Hardware and Farm Plastics are als"
akira,"Watertech of America, WorldPoint ECC, Mastermedia, Garrett Leather, Guttenberg Industries.",2025-12-24 00:00:00.000000,US,Manufacturing,,,"We obtained more than 12gb of data of the following companies:

Watertech of America, Inc. specializes in industrial water treatm
ent services across the Midwest, focusing on boiler water, coolin
g water, and wastewater treatment. 

At WorldPoint provides healthcare training services. From curricu
l"
akira,Susquehanna Glass,2025-12-19 00:00:00.000000,US,Manufacturing,,,"Susquehanna Glass is a family-owned and operated business. Today,
it flourishes under the leadership of third-generation owner Wal
t Rowen, the grandson of original partner, Walter Roye.

We will upload 35gb of corporate data soon. Detailed personal inf
ormation of almost 800 people (i-9 forms, scan"
akira,Farwest Fabrication,2025-12-18 00:00:00.000000,US,Construction,,,"Farwest Fabrication specializes in steel fabrication, offering pr
oducts such as pipe piling, structural and architectural steel.

We will upload 45gb of corporate data soon. Employees information
, financials, payment details, client files, NDAs, etc.
"
akira,Household & Commercial Products Association,2025-12-18 00:00:00.000000,US,Consumer Services,,,"HCPA, or the Household and Commercial Products Association, repre
sents companies that manufacture and sell household and commercia
l products, advocating for a sound business environment that prom
otes safety and innovation.

We will upload 23gb of corporate data soon. Employees, clients, p
artners"
akira,Associated Thermoforming,2025-12-18 00:00:00.000000,US,Manufacturing,,,"Associated Thermoforming offers a full range of services. ATI spe
cializes in technically challenging custom thermoforming solution
s, including vacuum forming, pressure forming, and twin sheet for
ming.

We will upload 582gb of corporate data soon. Employees personal d
ocuments (passports, DLs and "
akira,Phillips Scales,2025-12-18 00:00:00.000000,,Not Found,,,"Phillips Scales Alaska is the largest distributor of commercial a
nd industrial scales in the state, offering a wide range of produ
cts including airport, bench, crane, floor, retail, and truck sca
les.

We will upload 10gb of corporate data soon. Employees personal do
cuments (passports, DLs, SSNs "
akira,ACME Industrial,2025-12-17 00:00:00.000000,,Manufacturing,,,"ACME Industrial, Inc. offers a wide range of industrial, commerci
al, and marine repair and mechanical services from their 10,000 s
quare foot facility in Staten Island, New York.

We will upload 256gb of corporate data soon. Employees informatio
n (passports, DLs, SSNs, birth and death certs, medic"
akira,International Standard Valve,2025-12-15 00:00:00.000000,US,Manufacturing,,,"International Standard Valve, Inc. specializes in providing a ran
ge of ball valves, gate, globe, and check valves tailored for the
oil and gas, oil refining, natural gas, power generation, chemic
al, petrochemical, pulp and paper, and mining industries.

We will upload corporate data soon. Employee"
akira,Denk & Roche Builders,2025-12-15 00:00:00.000000,US,Construction,,,"Denk & Roche Builders specializes in the construction of wood-fra
med and metal structures, providing services from early design co
ncepts to final finishes, including solar applications and mass t
imber. 

We will upload 54gb of corporate data soon. Employee information,
detailed financials, projec"
akira,Wright Architectural Millwork,2025-12-13 17:46:11.111266,US,Manufacturing,,,"Wright Architectural Millwork specializes in high-quali
ty architectural woodwork and has been in the industry 
for 50 years.

Here is the access to upload company data. Employee per
sonal information (passport numbers, driver licenses, p
hones, emails), financials, a bit of client data, contr
acts "
akira,Ada Technologies,2025-12-11 00:00:00.000000,CN,Technology,,,"ADA Technologies, Inc. is a Colorado-based manufacturing company 
with a focus on advanced energy storage and innovative products f
or advanced markets. The company utilizes third-party funding for
continuous research and development to create manufacturable pro
ducts tailored to the needs of its cu"
akira,Northern Air Systems(2),2025-12-11 00:00:00.000000,US,Not Found,,,"Northern Air Systems has been a leading manufacturer of high-qual
ity HVAC systems for commercial and industrial applications for n
early three decades.

As you could have noticed, we've made it 2nd time to penetrate to
their systems and locked almost 90 vms. At this time we've taken
five times more"
akira,LINEMASTER Switch,2025-12-10 00:00:00.000000,US,Manufacturing,,,"Linemaster Switch Corporation is a trusted manufacturer of medica
l and industrial footswitches, offering both custom and stock sol
utions with over 70 years of experience and ISO 13485 certificati
on.

We will upload about 25gb of corporate data soon. Employee inform
ation (passports, DLs and so on"
akira,GearGrid,2025-12-09 00:00:00.000000,US,Not Found,,,"GearGrid is a U.S.-based storage system and equipment manufacture
r specializing in solutions for the fire and EMS, tactical, athle
tic, and public works industries.

We will upload 16gb of corporate data soon. HR files, client file
s, financials, numerous project files, and so on.
"
akira,Takedown Request #1834,2025-12-08 00:00:00.000000,DE,Manufacturer,,,"[Redacted] specializes in filter and
conveyor technology, offering a wide range of products including
various types of conveyors, filtration systems, and central supp
ly and disposal systems.

We are ready to upload 32gb of corporate data. Personal informati
on of employees (passports and ID scans),"
akira,PH Molds,2025-12-08 00:00:00.000000,CA,Manufacturing,,,"PH Molds Limited is a leading provider of custom plastic injectio
n mold design and manufacturing in Metro Vancouver, BC. The compa
ny offers a wide range of services, including part and product ma
nufacturing, assembly, and value-added services, helping clients 
to create complex and functional des"
akira,Consolidated Sterilizer Systems,2025-12-05 00:00:00.000000,US,Healthcare,,,"Consolidated Sterilizer Systems has been manufacturing steam ster
ilizers and autoclaves in Boston, Massachusetts since 1946, setti
ng the industry standard for over 60 years. Their product range i
ncludes customizable laboratory autoclaves for various applicatio
ns such as animal research, life sci"
akira,Rosland Capital,2025-12-05 00:00:00.000000,US,Financial Services,,,"Rosland Capital is a precious metals asset management firm that s
ells gold and other precious metals in physical form.

We are ready to upload corporate data. Projects, clients data, a 
bit of confidential files and so on.
"
akira,"Wisconsin Knife Works, The Smith Companies, Envirotech Services, Next Generation Logistics...",2025-12-03 11:09:03.533329,US,Manufacturing,,,"Here is the access to 17gb of the following companies:

Wisconsin Knife Works is a leader in tooling and precis
ion manufacturing of woodworking cutting tools, backed 
by over 90 years of experience.

Smith Companies, Ltd. is a Boston-based firm specializi
ng in unbiased and sophisticated advanced p"
akira,Eggelhof,2025-12-03 00:00:00.000000,US,Not Found,,,"Eggelhof Inc is a Houston-based company established in 1926, spec
ializing in engineering products such as filtration and water tre
atment, piping and plant equipment, and steam specialties.

We are ready to upload 67gb of corporate data. Projects, employee
information (DOB, phones, addresses and so"
akira,Building Controls and Services,2025-12-03 00:00:00.000000,US,Construction,,,"Building Controls and Services, Inc. (BCS) provides innovative bu
ilding automation, mechanical equipment, and energy management so
lutions aimed at creating efficient and comfortable environments 
for facility owners and managers.

We are ready to upload 12gb of corporate data. Detailed employee 
i"
akira,Custom Engineered Wheels,2025-12-03 00:00:00.000000,US,Manufacturing,,,"CEW Inc. specializes in custom injection molding solutions, utili
zing advanced technology to produce polyurethane foam products. T
hey offer a diverse range of products, including industrial wheel
s, medical mobility solutions, and components for bicycles and re
creational vehicles.

We are ready t"
akira,Ziglin Signs,2025-12-02 00:00:00.000000,US,Manufacturing,,,"Ziglin Signs Inc operates as a full-service custom signage provid
er delivering comprehensive visual communication solutions to bus
inesses throughout the Midwest. The company specializes in design
ing and fabricating signage that establishes strong brand presenc
e and professional identity for orga"
akira,Prismier,2025-12-02 00:00:00.000000,US,Manufacturing,,,"Prismier is a leading vertically-integrated Mechanical Contract M
anufacturer (MCM). Service offerings include Design & Engineering
, Rapid Prototype thru Production of Sheet Metal Fabrication & St
amping, Plastic Injection Molding, CNC Machining, Die Casting, an
d Assembly.

We are ready to upload "
akira,Toledo Transducers,2025-12-02 00:00:00.000000,US,Manufacturing,,,"Toledo Integrated Systems specializes in designing and manufactur
ing press control solutions, tonnage monitors, and load cells. Th
eir product offerings include press controls, material handling c
ontrol solutions, tonnage monitors, and various calibration servi
ces.

We are ready to upload corpora"
akira,Goldenrod,2025-12-01 00:00:00.000000,,Not Found,,,"Goldenrod has been designing and manufacturing industry-leading d
ifferential winding shafts, multiple bladder air shafts, lightwei
ght aluminum and carbon fiber shafts, reel spools, chucks, and sa
fety chucks for processors in the North American paper, film, foi
l, and non-woven converting industri"
akira,Abhe & Svoboda,2025-12-01 00:00:00.000000,US,Construction,,,"Abhe & Svoboda, Inc. is a full-service restoration contractor. In
addition to offering a full range of industrial coatings service
s, our core competencies also include a variety of related constr
uction services, such as concrete repair, and steel repair and re
placement.

We are ready to upload 82"
akira,"Wisconsin Knife Works, The Smith Companies, Envirotech Services, Next GenerationLogistics,...",2025-12-01 00:00:00.000000,US,Manufacturing,,,"We obtained about 17gb of the following companies:

Wisconsin Knife Works is a leader in tooling and precision manufa
cturing of woodworking cutting tools, backed by over 90 years of 
experience. 

Smith Companies, Ltd. is a Boston-based firm specializing in unbi
ased and sophisticated advanced plan"
akira,Lone Rock Timber,2025-11-28 00:00:00.000000,US,Manufacturing,,,"Lone Rock is a timber company.

We are ready to upload 25GB files of corporate documents such as:
personal employee data, financials, agreements and contracts, et
c.
"
akira,Design Team Sign Company,2025-11-28 00:00:00.000000,US,Business Services,,,"Design Team Sign Company is a manufacturer of custom graphic sign
media.

We are ready to upload 108GB files of essential corporate documen
ts such as: HR files, personal data, detailed financials, databas
es, projects, agreements, customer information, NDA, etc.
"
akira,Gershow Recycling,2025-11-28 00:00:00.000000,US,Manufacturing,,,"Gershow Recycling is a prominent scrap metal buying and selling f
acility located in various regions including Suffolk County, Nass
au County, and Brooklyn.

We are ready to upload 31GB files of essential corporate document
s such as: Employee information (DLs and other scanned documents)
, internal"
akira,Casting House,2025-11-28 00:00:00.000000,US,Not Found,,,"Casting House is a full-service custom jewelry manufacturing comp
any that provides jewelers and designers with access to manufactu
ring solutions that will help grow their inventory.

We are ready to upload 10GB files of corporate documents such as:
personal employee data, financials, agreements an"
akira,Crucible Industries,2025-11-27 00:00:00.000000,US,Manufacturing,,,"Crucible Industries was founded in 1870. This company provides th
e manufacturing of steel long products, and other metal building 
materials.

We will upload 10gb of corporate documents soon. Internal operati
onal files, a bit of customer information, scans and so on.
"
akira,Mechanical Systems,2025-11-27 00:00:00.000000,,Manufacturing,,,"Mechanical Systems Company offers building automation controls an
d services. 

We are ready to upload more than 30GB files of essential corporat
e documents such as: Employee personal information (SSNs, DLs, pa
ssports and so on), confidentiality agreements, financials, clien
ts information, NDA, e"
akira,FloorHeat,2025-11-26 00:00:00.000000,US,Manufacturing,,,"FloorHeat Company specializes in manufacturing and distributing r
adiant heat components and complete underfloor heating systems, i
ncluding electric film, cable heating mats, and their patented Ea
syFloor hydronic heating system.

We will upload 25gb of corporate documents soon. Detailed employe
e "
akira,Zoetis,2025-11-26 00:00:00.000000,US,Healthcare,,,"Zoetis discovers, develops, manufactures, and commercializes anim
al health medicines, vaccines, and diagnostic products in the Uni
ted States and internationally.

We will upload 25gb of corporate documents soon. Lots of internal
documents, clients' data, numerous test and other information.
"
akira,Chairmans Foods,2025-11-24 00:00:00.000000,US,Agriculture and Food Production,,,"Chairmans Foods is a gold-star rated, USDA manufacturing plant an
d producer of fresh, frozen and refrigerated food products for mo
re than 40 years. They serve delicious home cooked foods to vario
us delis, grocers and chain restaurants.

We are going to upload company data soon. You will find fina"
akira,Akehurst Landscape Service,2025-11-24 00:00:00.000000,US,Business Services,,,"Akehurst Landscape Service, Inc., based in Joppa, MD, offers a wi
de range of landscaping, snow removal, and grounds maintenance se
rvices tailored to meet the needs of commercial, industrial, and 
residential clients. 

We are going to upload company data soon. You will find financial
data (audit, "
akira,Electro Mechanical Industries,2025-11-21 00:00:00.000000,US,Manufacturing,,,"Electro-Mechanical Industries, Inc. (EMI) is a manufacturer of st
andard and custom electrical distribution equipment serving the n
eeds of the electrical industry in the national and international
marketplaces.

We will upload 50gb of corporate documents soon. Lots of forms wi
th personal employee "
akira,"PM Plastics, Reliable Van & Storage, Landis, Whitinger Strategic Services, Kimber Manufact...",2025-11-21 00:00:00.000000,US,Manufacturing,,,"We obtained about 29gb of the following companies:
PM Plastics manufacturing of miniatures, small parts, large parts
, and multiple component assemblies, with most polymers, acrylics
, and thermoplastics.
Reliable Van & Storage is a full-service moving company based in 
New Jersey, offering local, l"
akira,AJ Jersey,2025-11-20 00:00:00.000000,US,Manufacturing,,,"AJ Jersey Inc. is an industry leader in Forklift Sales, Forklift 
Rentals, Forklift Service and all of your Material Handling needs
.

We will upload almost 22gb of corporate documents soon. Employee 
personal data (driver licenses of 73 employees, detailed health r
eports with DOB, phones, emails a"
akira,Hydroscand,2025-11-20 00:00:00.000000,SE,Manufacturing,,,"Hydroscand was established 1969 in Stockholm, Sweden, by Björn Ho
lmström. The focus was, and still is, fluid connectors, hoses and
fittings. High quality and reliable performance in a demanding e
nvironment was the primary focus.

We are ready to upload more than 42GB data. There are lots of ess
en"
akira,FELA (EVYTRA),2025-11-20 00:00:00.000000,CH,Not Found,,,"EVYTRA specializes in developing and manufacturing innovative ele
ctronic solutions, including Human Machine Interfaces (HMIs) and 
printed circuit boards (PCBs).

We will upload 91gb of corporate documents soon. Employee persona
l data (identity cards, passports, driver licenses, phones, email
s an"
akira,Swift Filters,2025-11-20 00:00:00.000000,US,Manufacturing,,,"Swift Filters is a leading US manufacturer of high-quality hydrau
lic filter elements, offering a wide range of replacement filters
for various brands including Parker Hannifin, Pall, and Donaldso
n.

We will upload 140gb of corporate documents soon. Employee person
al files, financials, client data"
akira,Perry Brothers Oil,2025-11-19 00:00:00.000000,US,Energy,,,"Perry Brothers Oil Company is an automotive shop specializing in 
tires, motor oil, and wheel alignments. 

We will upload 20gb of corporate documents soon. Personal employe
e and customers data (passports, driver licenses, personal phones
, addresses, addresses emails, credit card records), confide"
akira,The InterTech Group,2025-11-19 00:00:00.000000,US,Manufacturing,,,"The InterTech Group is a holding company based in North Charlesto
n, South Carolina, focused on investments, diversification, and o
pportunity creation.

We will upload 17gb of corporate documents soon. Detailed persona
l employee data (SSNs, passports, driver licenses, Mexican ID's, 
personal phone"
akira,BOLD Furniture,2025-11-17 00:00:00.000000,US,Manufacturing,,,"BOLD Furniture manufactures distinctive, highly functional and ad
aptable standard and custom furniture and fixtures for all kinds 
of work environments.

We are going to upload company data soon. You will find financial
data (audit, invoices), project details, personal financial deta
ils of employe"
akira,Aero Precision,2025-11-14 00:00:00.000000,US,Manufacturing,,,"Aero Precision is a firearm and components manufacturer.

We will upload 24gb corporate documents soon. Employee informatio
n, project details, contracts and agreements, NDAs, specification
s, etc.
"
akira,"Barbizon Lighting Company, Roseburrough Tool, Mqd, McKay Empire, Victor Insulators.",2025-11-14 00:00:00.000000,US,Manufacturing,,,"We obtained about 15gb of the following companies:
The Barbizon Lighting Company specializes in sales, integration a
nd services of lighting and rigging equipment for houses of worsh
ip, live productions, performing arts, themed environments, film,
and television. 
Roseburrough Tool Company, Inc. is"
akira,Waukegan Steel,2025-11-13 00:00:00.000000,US,Manufacturing,,,"Waukegan Steel is a structural steel fabricator serving the Midwe
st, specializing in high-quality steel fabrication since 1929. Th
e company has worked on notable projects in the Chicago area, suc
h as Soldier Field and Willis Tower, offering a complete range of
services including structural, misce"
akira,Ami Bearings,2025-11-10 00:00:00.000000,US,Manufacturing,,,"AMI Bearings, Inc. is a premier manufacturer of mounted ball bear
ings that caters to the North American market.

We will upload 15gb of corporate documents soon. Employee informa
tion, clients information, lots of projects information, agreemen
ts and contracts, NDAs, etc.
"
akira,"Koch & Co, Inc.",2025-11-07 00:00:00.000000,US,Not Found,,,"Koch & Co, Inc., is a wood door and cabinet manufacturing company
.

We will upload 54gb of corporate documents soon. Detailed financi
als and accounting, projects information, contracts, agreements, 
lots of HR files, etc.
"
akira,Mold In Graphic Systems,2025-11-07 00:00:00.000000,US,Manufacturing,,,"Mold In Graphic Systems specializes in providing permanent labeli
ng solutions for plastic durable goods using their unique Polymer
Fusion Labels.

We will upload 15gb of corporate documents soon. Employee informa
tion (Driver licenses, credit cards scans, medical information an
d so on), projects i"
akira,Coilplus,2025-11-05 00:00:00.000000,US,Manufacturing,,,"Coilplus is part of the MetalOne Group, MetalOne is the largest i
ntegrated steel company in the world.

We will upload 14gb of corporate documents soon. Detailed employe
e information (complete I-9 forms, SSN, DL, passports, birth/deat
h certs and so on), financials, internal confidentiality agreem"
akira,The Fence People,2025-11-05 00:00:00.000000,,Construction,,,"The Fence People Limited is a Southern Ontario fence contractor e
stablished in 1986, specializing in providing construction hoardi
ng solutions for the Commercial, Industrial, and Institutional se
ctors.

We will upload more than 23gb of corporate documents soon. Scans 
of employee documents (passp"
akira,E-First Aid Supplies,2025-11-05 00:00:00.000000,US,Healthcare,,,"Fieldtex is a manufacturer known as Fieldtex Cases that produces 
soft sided carrying cases for portable electronic equipment for m
edical and military markets. Their second division is a medical s
upplies distributor known as Fieldtex Medical.

We will upload more than 14gb of corporate documents s"
akira,Palacios Marine & Industrial,2025-11-04 00:00:00.000000,US,Manufacturing,,,"Palacios Marine Industrial (PMI)  offers quality contracting and 
service solutions while prioritizing environmental health and saf
ety. 

We will upload corporate documents soon. Detailed employee inform
ation (passports, driver licenses, medical information, social se
curity number and other scans"
akira,MS Metal Solutions,2025-11-04 00:00:00.000000,DK,Manufacturing,,,"MS Metal Solutions offers a wide range of manufacturing capabilit
ies including cutting, welding, and powder coating to cater to di
verse industries such as automotive, agriculture, and office furn
iture. 

We will upload corporate documents soon. Complete information abo
ut employees (w-9 forms con"
akira,Mecanex USA,2025-11-03 00:00:00.000000,US,Manufacturing,,,"Mecanex USA is a U.S. subsidiary of RUAG Aviation. RUAG Aviation 
is a leading supplier, support provider and integrator of systems
and components for civil and military aviation worldwide. 

We will upload 24gb of corporate documents soon. Detailed employe
e information (Social security number, pas"
akira,The Gerson,2025-10-30 00:00:00.000000,US,Not Found,,,"Gerson is a company specializing in high-quality respiratory prot
ection products, including NIOSH and FDA approved respirators, ma
sks, and filter systems. Their product range includes various sty
les such as molded masks, half masks, and full face masks, cateri
ng to diverse industrial and health "
akira,Econo-Pak,2025-10-30 00:00:00.000000,DE,Manufacturing,,,"Econo-Pak is a food packaging expert. They help growing companies
and Fortune 500 clients package food products at a fixed price.

We are going to upload company data soon. You will find financial
data (audit, payment details, invoices), detailed employees and 
customers information  (emails, phones"
akira,Sullivan Interests,2025-10-30 00:00:00.000000,,Not Found,,,"The Sullivan Brothers Family of Companies (SBFC) offers a diverse
range of services in environmental remediation, disaster recover
y, health, construction, infrastructure, and industrial sectors a
cross North America and beyond.

We will upload 40gb of corporate documents soon. Employees person
al i"
akira,Boilersource,2025-10-30 00:00:00.000000,US,Manufacturing,,,"Meilner Mechanical Sales, doing business as Boilersource, is a th
ird-generation, family-owned and proud WBENC certified business.

We will upload corporate documents soon. Employees personal infor
mation (addresses, phones, DOB, driver licenses, social security 
cards, credit cards insurance forms "
akira,Saxun by Giménez Ganga,2025-10-30 00:00:00.000000,ES,Manufacturing,,,"Saxun by Giménez Ganga creates smart sun protection systems for h
omes and businesses.

We will upload 320gb of corporate documents soon. Lots of project
s and clients files, drawings and specifications, employee inform
ation, lots of contracts, NDA.
"
akira,G & H Distributing,2025-10-29 00:00:00.000000,,Not Found,,,"GH Distributing Inc. is a prominent agricultural and industrial s
upply distributor in South Dakota, known for its retail and whole
sale operations.

This company will soon be known as another one that doesn't care 
of employee information. We will upload corporate documents soon.
You will find lots"
akira,Clarion Safety Systems,2025-10-29 00:00:00.000000,US,Manufacturing,,,"Clarion Safety is at the forefront of product and workplace safet
y communication, leading the best practice ANSI and ISO standards
in these areas for over three decades. 

We will upload more than 40gb of corporate documents soon. Client
and customers information (addresses, phones, DOB, numerous f"
akira,Engineered Profiles,2025-10-27 00:00:00.000000,US,Manufacturing,,,"Engineered Profiles specializes in high-quality plastic extrusion
, design, and advanced manufacturing technologies.

We are ready to upload more than 56gb of corporate documents. Emp
loyee information (social security cards, driver licenses, medica
l information, addresses, phones and so on), proje"
akira,Precision Machined Products,2025-10-25 00:00:00.000000,,Manufacturing,,,"Precision Machined Products is a tier one supplier of downhole eq
uipment for the Oil and Gas Industry.

We are ready to upload more than 12gb of corporate documents. Emp
loyee information and other HR files, projects, internal confiden
tial files, clients confidential files, lots of specifications "
akira,Pacific West SystemsSupply,2025-10-21 00:00:00.000000,US,Manufacturing,,,"Proudly known as ""PacWest,"" Pacific West Systems Supply Ltd. is a
leading Wall and Ceiling Industry supplier.

We are ready to upload 224gb of corporate documents. Detailed emp
loyee information (Passport, DLs, SSNs, birth certs and so on), f
inancial and accounting information, a bit of client info"
akira,Selig Enterprises; AAA Parking,2025-10-20 00:00:00.000000,US,Business Services,,,"There are two companies in the upcoming leak. Selig Enterprises i
s a real estate company that has a portfolio of more than 15 mill
ion square feet of retail, industrial, residential, hotel, office
, and mixed-use properties throughout the Southeast. And AAA Park
ing, headquartered in Atlanta, Georg"
akira,Curtis Steel Co,2025-10-17 00:00:00.000000,US,Manufacturing,,,"Curtis Steel Aluminum Co. is a leading tubing supplier based in L
as Vegas, providing high-quality metal and steel products, includ
ing aluminum, carbon steel, stainless steel, and welding supplies
. The company offers various precision services such as steel cut
ting, laser cutting, metal drilling,"
akira,Plastics Extrusion Machinery,2025-10-17 00:00:00.000000,US,Manufacturing,,,"Plastics Extrusion Machinery LLC, known as PEM, is a leading prov
ider of innovative downstream equipment tailored for the PVC pipe
and custom profile industries.

We are ready to upload 350gb of corporate documents. Detailed emp
loyee information (SSNs, forms with personal information, salarie
s, c"
akira,Tenryu America,2025-10-17 00:00:00.000000,US,Not Found,,,"Tenryu America, Inc. is a leading manufacturer of high-quality sa
w blades, offering over 3,000 types of carbide blades suitable fo
r woodworking, metalworking, plastic cutting, and machining compo
site materials.

We are ready to upload corporate documents. Employee information 
(DOB, addresses, ph"
akira,Manko Window Systems,2025-10-17 00:00:00.000000,US,Manufacturing,,,"Manko Window Systems is a manufacturer of commercial windows, alu
minum systems, and glass products.

We are ready to upload 20gb of corporate documents. Client person
al information (SSNs, DOB, phones and other docs), employee infor
mation, accounting and financials, projects, drawing and specific
"
akira,Plast-O-Matic Valves,2025-10-14 00:00:00.000000,US,Manufacturing,,,"Plast-O-Matic Valves, Inc. specializes in the development and man
ufacturing of high-quality thermoplastic valves and controls for 
various industries, including agriculture, chemical processing, w
astewater treatment, and semiconductor applications.

We are ready to upload 51gb of corporate documen"
akira,Northern Air Systems,2025-10-09 00:00:00.000000,US,Manufacturing,,,"Northern Air Systems has been a leading manufacturer of high-qual
ity HVAC systems for commercial and industrial applications for n
early three decades.

We are ready to upload 22gb of corporate documents. Client data (
DLs, addresses, emails), employee information (DLs, emails, phone
s and so on), "
akira,Five Star MechanicalInc.,2025-10-09 00:00:00.000000,US,Construction,,,"Five Star Mechanical Inc. specializes in providing commercial and
industrial HVAC services, plumbing, piping, and sheet metal fabr
ication.

We are ready to upload 30gb of corporate documents. Employee and 
owners personal information (passports, DLs, SSNs, address, email
s and so on), customers fil"
akira,VIM Technologies,2025-10-08 00:00:00.000000,US,Technology,,,"VIM Technologies, Inc. is a leading provider of compliance monito
ring software solutions and support services tailored for the ele
ctric utility and industrial markets.

We are ready to upload corporate documents. Customer information,
partners files, projects, contracts and agreements, employee fi"
akira,Lautrec,2025-10-07 00:00:00.000000,CA,Not Found,,,"Lautrec is based out of the United States with an office operatin
g in Alberta, Canada. Lautrec offers new and pre-owned manufactur
ed homes, apartments, townhomes, and RV rental sites. Their commu
nities offer swimming pools, sports facilities, and a community c
lubhouse.

We are ready to upload mo"
akira,Harbor Diesel & Equipment,2025-10-07 00:00:00.000000,US,Manufacturing,,,"Harbor Diesel and Equipment, Inc. primarily operates as the South
western Distributor of ZF Heavy Duty Off-Highway and On-Highway D
riveline Products, the Southern California Dealer for Capacity of
Texas Trailer Jockeys and Factory Authorized Full-Service Dealer
for Cummins, Caterpillar (Truck and M"
akira,J Lorber,2025-10-07 00:00:00.000000,US,Manufacturing,,,"J. Lorber Company specializes in a wide range of plumbing, HVAC, 
and hydronics products, including water heaters, fixtures, and he
ating systems.

We are going to upload 45gb of data soon. Personal documents of c
ustomers (DLs, addresses, credit card details and so on), employe
e information (names"
akira,Saskarc,2025-10-06 00:00:00.000000,CA,Manufacturing,,,"Saskarc Inc's focus industries include petro chemical, oil and ga
s refineries, mining, power generation, and food processing. 

We are ready to upload more than 54GB data. There are lots of ess
ential corporate documents such as: financial data (audit, paymen
t details,financial reports, invoices) "
akira,Natoli Engineering,2025-10-06 00:00:00.000000,US,Manufacturing,,,"Natoli Engineering is a renowned leader in tablet compression too
ling with over fifty years of expertise in manufacturing high-qua
lity punches and dies. They offer a range of products including t
ablet presses, encapsulation machines, and replacement parts, all
designed to meet the needs of resear"
akira,Daily Printing,2025-10-06 00:00:00.000000,US,Manufacturing,,,"Daily Printing provides commercial printing services, digital pri
nting, variable data printing, web-to-print, and print on demand 
services.

We are going to upload 32gb of data soon. Client information, a b
it of employee files, lots of internal operating files, financial
and accounting files, con"
akira,Orion Engineering,2025-10-06 00:00:00.000000,,Manufacturing,,,"Daily Printing provides commercial printing services, digital pri
nting, variable data printing, web-to-print, and print on demand 
services.

We are going to upload 32gb of data soon. Internal confidential i
nformation containing client personal information (SSNs, address,
email addresses and so on"
akira,Sobotec,2025-10-03 00:00:00.000000,CA,Manufacturing,,,"Sobotec was founded in 1988 with a vision to produce the best mod
ern wall panel systems available. That vision, coupled with a str
ong engineering background and a commitment to innovation, led So
botec to become the first company worldwide to design and develop
a Rainscreen Wall Panel System (SL-2"
akira,Milburn,2025-10-03 00:00:00.000000,,Not Found,,,"Milburn is a General Demolition contractor out of Chicago, Illino
is. They deploy the latest in demolition technology and equipment
with a fleet of Bobcat skid steers and Brokk remote demolition r
obots that can tackle everything from structural slab demolition 
to full interior strip-outs. 

We are"
akira,Keystone Solutions Group,2025-10-01 00:00:00.000000,US,Manufacturing,,,"Keystone Solutions Group is a medical device contract manufacture
r and product development company based in Kalamazoo, Michigan. T
hey provide a range of services including assembly, kitting, pack
aging, sterilization management, and clean room environments. Key
stone specializes in managing custom"
akira,Displayit,2025-10-01 00:00:00.000000,US,Not Found,,,"DisplayIt specializes in designing and fabricating custom display
s, casework, and signage tailored for various industries includin
g retail, healthcare, restaurants, and technology.

We are going to upload 105gb of corporate data. Employee informat
ion, financials, clients confidential files, contr"
akira,Cascade Pacific Pulp,2025-09-30 00:00:00.000000,US,Manufacturing,,,"Cascade Pacific Pulp

Cascade Pacific Pulp LLC is a leading market pulp mill located in
the Pacific Northwest, known for its environmentally progressive
practices. The company produces 200,000 tons per year of high-gr
ade pulp, including products like Oregon Gold and White Gold, whi
ch are used in v"
akira,Bugnard,2025-09-29 00:00:00.000000,CH,Not Found,,,"Bugnard is a Swiss market leader for equipment used in the instal
lation of electrical and telecommunication networks.

We are going to upload 32gb of their corporate data. Financial do
cuments, agreements, confidential files, projects, clients inform
ation, and lost of other files.
"
akira,"Midwest Industries, Inc",2025-09-26 00:00:00.000000,US,Not Found,,,"Midwest Industries, Inc. designs, manufactures, and markets boats
. The Company offers small fishing boats, cruisers, specialty tra
ilers, pontoons, deck boats, utility trailers, specialty water cr
afts, and on-water storage for boats.

We are going to upload of corporate data. Full employee informa"
akira,Sinco,2025-09-25 00:00:00.000000,,Not Found,,,"Sinco, Inc. is a certified company specializing in sheet metal fa
brication, offering a range of services including profiling, form
ing, welding, machining, and powder coating.

We are going to upload 13gb of corporate data. Employee and custo
mers information, complaints, financials information, lo"
akira,Jones Soda (Stock Symbol: JSDA),2025-09-19 00:00:00.000000,US,Agriculture and Food Production,,,"Jones Soda Co.® (CSE: JSDA, OTCQB: JSDA) is a leading craft soda 
manufacturer with a growing line of cannabis products.

We are going to upload 66gb corporate data. Employee information 
(complete name, DOB, address, emails, phones, SSNs and so on), fi
nancials, payment details, credit cards detail"
akira,Ronald A/S,2025-09-16 00:00:00.000000,DK,Not Found,,,"Ronald A/S is an import company with 100 years of experience spec
ializing in unique FMCG solutions within the nonfood sector. Thei
r product offerings include fashion items, textiles, licensed mer
chandise, personal care products, and protective equipment.  

We are going to upload 320gb corporate "
akira,CyberData,2025-09-15 00:00:00.000000,US,Technology,,,"CyberData Corporation is a leading OEM design and manufacturing f
irm with more than 40 years of experience. They specialize in IP 
Endpoints for the VoIP marketplace, VoIP and POS (Point-of-Sale) 
connectivity solutions, and POS protocol conversion technologies.

We are going to upload 9GB of corpo"
akira,Aluf Plastics,2025-09-12 00:00:00.000000,US,Manufacturing,,,"Aluf Plastics is a prominent manufacturer and distributor of high
-quality plastic products, specializing in trash bags, can liners
, sheeting, and poly bags.

We are going to upload 40GB of corporate data. Employees' persona
l information (Full personal info: address, phone, passport infor
mation, "
akira,Mazza Recycling Services,2025-09-12 00:00:00.000000,US,Business Services,,,"Mazza Recycling Services is a leading waste recycling company bas
ed in New Jersey, specializing in innovative waste recycling solu
tions for residential, commercial, and industrial clients.

We are going to upload 27GB of corporate data. They didn't even t
ry to protect their employees' personal in"
akira,Commercial Casework,2025-09-10 00:00:00.000000,US,Manufacturing,,,"Commercial Casework Inc. has been a leading provider of custom ar
chitectural woodwork and cabinetry in Northern California since 1
976, situated in the San Francisco Bay Area. The company speciali
zes in high-end tenant improvements for various commercial spaces
, including Board Rooms, Cafes, and "
akira,STANDARD IRON & WIREWORKS (Helgesen Industries),2025-09-10 00:00:00.000000,US,Manufacturing,,,"STANDARD IRON & WIRE WORKS manufactures products in two distinct 
divisions. Contract Manufacturing fabricates, assembles and paint
s heavy-duty products for blue-chip original equipment manufactur
ers (OEMs) across numerous end markets including, agriculture, co
nstruction, power generation, indust"
akira,Michigan Sugar,2025-09-05 00:00:00.000000,US,Agriculture and Food Production,,,"Founded in 1906 and headquartered in Bay City Michigan. Michigan 
Sugar manufactures granulated, powdered, liquid, and brown sugars
.

We are ready to upload more than 40GB files of essential corporat
e documents such as: financial data (audit, payment details,finan
cial reports, invoices), employee"
akira,Carus,2025-09-04 00:00:00.000000,FI,Not Found,,,"Carus provides solutions to environmental concerns involving wate
r, air and soil with specializations in the area of chemical oxid
ation and sequestration.

We are ready to upload more than 161GB files of essential corpora
te documents such as: financial data (audit, payment details,fina
ncial repo"
akira,Indo-MIM,2025-09-04 00:00:00.000000,IN,Manufacturing,,,"Indo-MIM s a manufacturer and supplier of precision-engineered pr
oducts using Metal Injection Molding.

We are going to upload 13 GB of corporate documents. A huge numbe
r of employee personal files (Full Name in Native Language, Other
Names Used, Telecode Name Used, Sex, Marital Status, Date of Bi"
akira,Williams Patent Crusher & PulverizerCo.,2025-09-03 16:07:49.420083,US,Manufacturing,,,"Williams Patent Crusher & Pulverizer Co. offers a vast 
product line including Roller Mills, Pulverizers, Hamme
r Mills, Primary & Secondary Crushers, Impact Dryer Mil
ls, Impact Crushers, Refuse Shredders, Shear Shredders,
Nife Hogs, Nife Granulators, Wood Hogs, Chippers, Apro
n Pan Feeders, Feeder"
akira,Natare,2025-09-02 00:00:00.000000,US,Manufacturing,,,"Natare Pools specializes in designing, building, and installing c
ustom stainless steel pools, spas, and related equipment for vari
ous applications including competition, commercial, and community
use. 

We are ready to upload more than 10Gb files of essential corporat
e documents such as: financia"
akira,Automated Business Solutions,2025-09-01 00:00:00.000000,US,Technology,,,"Automated Business Solutions, Inc. is a designer and supplier of 
office equipments and comprehensive business solutions.

We are ready to upload more than 93Gb files of essential corporat
e documents such as: financial data (audit, payment details,finan
cial reports, invoices), employees and custom"
akira,Genmark Automation,2025-09-01 00:00:00.000000,US,Technology,,,"Founded in 1985 and headquartered in California. Genmark Automati
on is a worldwide developer and manufacturer of tool and fab auto
mation equipment solutions for the semiconductor, flat panel, sol
ar, LED, data storage, and associated industries.

We are ready to upload more than 47Gb files of esse"
akira,RMO,2025-08-29 00:00:00.000000,US,Healthcare,,,"RMO Orthodontics is a leading manufacturer and supplier of innova
tive and high-quality orthodontic instruments and supplies. They 
offer a comprehensive catalog of products including brackets, arc
hwires, and accessories, catering primarily to orthodontic profes
sionals. 

We are going to upload co"
akira,Burt Process Equipment,2025-08-21 00:00:00.000000,US,Manufacturing,,,"Burt Process Equipment is a leader in the worldwide community of 
people, businesses, and organizations striving to create a better
environment through the innovative and responsible use of water 
and natural resources. 

We are going to upload about 19gb of corporate files. You will fi
nd employees"
akira,NC Dynamics LLC,2025-08-20 00:00:00.000000,US,Not Found,,,"NC Dynamics LLC is a full-service manufacturing facility speciali
zing in high-speed machining, including 3, 4, and 5 axis milling,
CNC turning, and assembly.

We are going to upload about 30gb of corporate files. You will fi
nd employees informration (DOB, email addresses, addresses, SSNs,
phones, "
akira,Advanced Blending Solutions,2025-08-20 00:00:00.000000,US,Manufacturing,,,"Advanced Blending Solutions is a leading designer, manufacturer, 
and supplier of blending and material convey equipment tailored f
or the plastics industry. 

We are going to upload about 352gb ( 10gb of SQL databases) of co
rporate files. You will find detailed employees information (DOB,
DL numbe"
akira,Steel Encounters,2025-08-20 00:00:00.000000,US,Manufacturing,,,"Steel Encounters is a commercial specialty subcontractor who prov
ides steel joist and metal deck products and services, glazing, c
urtain wall, and architectural cladding systems to general contra
ctors, architects, and building owners.

We are ready to upload more than 21GB files of essential corp"
akira,Electro-Tech,2025-08-19 00:00:00.000000,US,Technology,,,"ElectroTech, Incorporated is a manufacturers representative for e
lectrical products.

We are going to upload company data soon. You will find financial
data (audit, payment details,financial reports, invoices), NDAs 
and other documents with detailed personal information and so on.
"
akira,Keller Laser AG,2025-08-18 00:00:00.000000,CH,Technology,,,"Keller Laser AG – Expertise in sheet metal processing since 1995.
Keller Laser AG is an owner-managed Swiss company and is now one
of the leading suppliers in industrial sheet metal processing.

We are going to upload 9 GB of data. Almost all files are drawing
s. So, if you are interested, welcome.
"
akira,Hytrol,2025-08-15 00:00:00.000000,US,Manufacturing,,,"Hytrol Conveyor Company, Inc. was founded in 1947. The Company's 
line of business includes manufacturing conveyors and conveying e
quipment. The company is headquartered in Jonesboro, Arkansas

We are ready to upload more than 20GB files of essential corporat
e documents such as: financial data (au"
akira,"Ranshu, Meridian Auto Parts, Visionaire,Omega enviromenta technologies, Ap Air",2025-08-14 00:00:00.000000,US,Manufacturing,,,"We are going to upload about 47 gb of a bunch of companies. All o
f them are auto parts related. You will find detailed employees i
nformation (DOB, DL numbers and so on), HR files, financial and a
ccounting information, lost of agreements and contracts, drawings
, specifications, corporate credit c"
akira,Aurora Air Products,2025-08-11 00:00:00.000000,US,Manufacturing,,,"In summer 2025 our team managed to crack IT defenses of a large number of companies. Data of some of them hasn't been leaked, so we will just list company names."
akira,Safti First,2025-08-11 00:00:00.000000,US,Manufacturing,,,"In summer 2025 our team managed to crack IT defenses of a large number of companies. Data of some of them hasn't been leaked, so we will just list company names."
akira,Anderson Packaging,2025-08-10 00:00:00.000000,,Manufacturing,,,"Anderson Packaging, LLC specializes in packaging and assembly ser
vices tailored for the aftermarket industry.

We are going to upload company data soon. You will find financial
data (audit, payment details,financial reports, invoices), emplo
yees and customers information, driver's license and a bi"
akira,The Law Company,2025-08-10 00:00:00.000000,,Business Services,,,"The Law Company Inc provides commercial construction services for
vartious industries including retail, worship, industrial, educa
tion, corporate, healthcare, government, lodging, and cultural. 

We are ready to upload more than 14GB files of essential corporat
e documents such as: financial data ("
akira,Wytech Industries,2025-08-08 00:00:00.000000,US,Manufacturing,,,"For nearly 50 years, Wytech has been committed to earning its pos
ition as the preferred development and manufacturing partner for 
straight and cut medical wire, complex catheter mandrels, and cor
e wires for medical device OEMs and contract manufacturing organi
zations (CMOs) as the leading medica"
akira,Bobcat Central,2025-08-07 00:00:00.000000,US,Not Found,,,"Bobcat Central, Inc. began operations in Stockton in 1976. The co
mpany is an equipment dealer offering parts, service, rental, and
sales of Bobcat equipment, attachments, Doosan heavy equipment, 
Tigercat, and Towmaster trailers.

We are ready to upload more than 12GB files of essential corporat
e "
akira,MGM Transformer,2025-08-06 00:00:00.000000,US,Manufacturing,,,"MGM Transformers specializes in manufacturing a wide range of tra
nsformers, including medium voltage dry type, oil-filled, and cus
tom-designed options, serving various sectors such as data center
s, renewables, commercial industrial, and utilities

We are ready to upload more than 60GB files of es"
akira,Meissner Fenstertechnik,2025-08-01 00:00:00.000000,DE,Manufacturing,,,"Meissner Fenstertechnik creates solutions for building components
. Innovative technologies for windows and doors.

We are ready to upload 20 GB of corporate documents. A lot of emp
loyees personal documents, project details, financials, customers
information, contracts and agreements, NDAs, etc.
"
akira,Baycoat,2025-08-01 00:00:00.000000,CA,Manufacturing,,,"Baycoat is currently the largest steel coil coater in Canada. Bay
coat employs a workforce of approximately 175, operating two coat
ing lines that are capable of accommodating numerous paint system
s, offering well over 1,000 colours.

We are going to upload about 19gb of corporate files. You will f"
akira,Cevital,2025-07-31 00:00:00.000000,DZ,Agriculture and Food Production,,,"Founded in 1998 and headquartered in Algiers, Algeria, Cevital is
a holding company with interests in food-processing and mass dis
tribution industry to electronics and domestic appliances, the ir
on and steel industry, the flat glass industry, industrial constr
uction, the automobile industry, serv"
akira,Carmichael Engineering,2025-07-29 00:00:00.000000,CA,Not Found,,,"Carmichael Engineering provides commercial air-conditioning and h
eating, industrial refrigeration, building automation, and scient
ific equipment services.

We are going to upload about 10gb of corporate files. You will fi
nd passports and DLs of a few dozens of employees, financial and 
accounting"
akira,General Converting,2025-07-29 00:00:00.000000,US,Manufacturing,,,"General Converting, Inc. was founded in 1982 and was comprised th
en of three people, a 1 color press, a small die cutter, and a gl
uer. Today, the thriving GCI remains an independent company and n
ow employs a staff of 65 people, most of whom have been with the 
company for 10 years and longer. 

W"
akira,Helical Auto Technology (India),2025-07-25 00:00:00.000000,IN,Technology,,,"Helical Technology has been established for over 50 years and has
a global presence with production facilities in the UK, India an
d China. The company designs and manufactures springs, valve rota
tors, actuators and so on.

We are ready to upload over 17 GB of corporate documents. Financi
al docume"
akira,The Fredericks,2025-07-24 00:00:00.000000,US,Not Found,,,"The Fredericks Company is a leading manufacturer and innovator sp
ecializing in tilt and vacuum measurement sensors. 

We are going to upload company data soon. You will find financial
data (audit, payment details,financial reports, invoices), emplo
yees and customers information (emails, phones) co"
akira,Reimo,2025-07-23 00:00:00.000000,DE,Not Found,,,"REIMO is one of Europe's leading camper van manufacturers and acc
essories traders.

We are ready to upload 53 GB of corporate documents. Employee per
sonal information, project data, client data, financial data, NDA
s, etc.
"
akira,Pinnacle Woodwork,2025-07-22 00:00:00.000000,CA,Manufacturing,,,"Pinnacle Woodwork is a store fixture manufacturer located in Germ
antown, WI.

We are ready to upload 24 GB of corporate documents. NDAs, client
data, financial data, complete employee data (DOB, address, phon
es, family members contacts).
"
akira,Bondtech,2025-07-22 00:00:00.000000,SE,Manufacturing,,,"Bondtech is a full-service company specializing in the design, en
gineering, and manufacturing of autoclave systems for various ind
ustries.

We are going to upload company data soon. You will find employees
and customers information. A bit of personal files and customers
data.
"
akira,ESD,2025-07-20 00:00:00.000000,US,Not Found,,,"ESD Inc. specializes in engineering and manufacturing a diverse r
ange of mechanical and electronic payment systems tailored for th
e multi-housing and laundromat industries. 

We are going to upload company data soon. You will find financial
data (audit, payment details,financial reports, invoices)"
akira,Souleret Engineering(LSSE),2025-07-18 00:00:00.000000,US,Construction,,,"Lennon, Smith, Souleret Engineering, Inc. is a civil engineering 
and surveying company, serving various markets including municipa
l, commercial, industrial, residential, utilities, and energy sec
tors.

We are ready to upload more than 14 GB of corporate documents. Lo
ts of contracts and agreement"
akira,LeasePLUS,2025-07-18 00:00:00.000000,AU,Financial Services,,,"LeasePLUS is one of Australia’s leading providers of novated leas
ing solutions, focused on helping individuals save thousands thro
ugh salary packaging for vehicles.

We are ready to upload 6 GB of corporate documents. Personal file
s of more than 2300 people (customers and employees), NDAs, contr
"
akira,Polykar,2025-07-18 00:00:00.000000,CA,Manufacturing,,,"Polykar is an innovative manufacturer of sustainable flexible pac
kaging solutions, offering products that are 100% recyclable or c
ompostable.

We are ready to upload 16 GB of corporate documents. Detailed fin
ancial data, client data, payment details, forms with personal in
formation and so on.
"
akira,Sib-Tryck Holding,2025-07-17 00:00:00.000000,SE,Not Found,,,"Sib Tryck is a firm that operates in digital printing. They provi
de anything from business cards to complex solutions such as cust
omized packaging and delivery. 

We are going to upload 45 GB of corporate documents. Clients and 
employee information, project data, agreements, and so on.
"
akira,PEPRO,2025-07-16 00:00:00.000000,US,Technology,,,"PEPRO LLC is a leading manufacturer specializing in patented EMP 
EMI shielded enclosure systems tailored for mission-critical and 
remote communication applications.

We are ready to upload more than 15 GB of essential corporate doc
uments. Employee personal documents, customer information, accoun
"
akira,Mazzoleni,2025-07-15 00:00:00.000000,IT,Not Found,,,"Mazzoleni Trafilerie Bergamasche is engaged in the drawing, heat 
treatment and coating of low, medium and high carbon steel wires.

We are going to upload company data soon. Lots of agreements, det
ailed financial data, confidential files, etc.
"
akira,Tara Pac,2025-07-10 00:00:00.000000,SE,Not Found,,,"Tara Pac is the leading supplier of packaging for food, construct
ion, chemistry and cosmetics in the Nordic region. 

We are ready to upload 6 GB of corporate data. Contacts, agreemen
ts, financial data, client data, a bit of employee data.
"
akira,SPANN Roofing & Sheet Metal,2025-07-10 00:00:00.000000,US,Construction,,,"Spann Roofing & Sheet Metal is a provider of installation, mainte
nance and repair services for commercial, industrial, institution
al and residential roofing systems in the eastern sections of Nor
th and South Carolina. 

We are going to upload data of this company. Complete data of all
the employe"
akira,Ace Wire Spring & Form,2025-07-09 00:00:00.000000,US,Manufacturing,,,"Ace Wire Spring & Form Company, Inc. is a leading spring manufact
urer of Compression Springs, Extension Springs, Torsion Springs a
nd Wire Forms.

We will soon upload corporate data of the company. Lots of employ
ees (current and dismissed) files with personal information (addr
ess, DOB, SSN, passp"
akira,Watermark Marine Systems,2025-06-30 00:00:00.000000,US,Manufacturing,,,"Watermark Marine Systems is a full-line marine contractor serving
the Lakes Region of New Hampshire since 1990. They offer a compl
ete range of shorefront construction services with crews working 
year-round using mobile equipment to perform work on any of New H
ampshire’s lakes or ponds.

We are re"
akira,MultiStone,2025-06-26 00:00:00.000000,,Not Found,,,"MultiStone is the Low Country's leader in fabrication and install
ation of Natural and Engineered stone countertops. 

We are ready to upload more than 8 GB of documents such as: emplo
yee documents, financial data, lots of projects, confidentiality 
agreements, etc.
"
akira,Seppeler Gruppe,2025-06-24 00:00:00.000000,DE,Manufacturing,,,"Die Seppeler Gruppe is a group of internationally producing servi
ce companies..

We are going to upload another 11 GB of corporate data. You will 
find employee personal information (DOB, address, identification 
numbers and so on), financial data, payment details, project data
and so on.
"
akira,Sturdevant'sAuto Parts,2025-06-17 13:11:03.816863,,Manufacturing,,,"Sturdevant's Auto parts is the regions largest automoti
ve parts & accessory business with 40  locally owned st
ores in SD, ND, Iowa, Minnesota & Nebraska.

Here is the access to 16 GB of corporate data. Personal
documents, lots of contracts and agreements, client da
ta, financial data (audits, paym"
akira,RECYCLA,2025-06-05 00:00:00.000000,MX,Not Found,,,"RECYCLA provides a waste treatment, disposal and recovery service
for companies in the industrial and artisan sectors based on the
principles of the circular economy.

We are going to upload about 160 GB of corporate data. A lot of d
etailed employee personal information (DOB, addresses, credit car
"
akira,Sturdevant's Auto Parts,2025-06-05 00:00:00.000000,US,Manufacturing,,,"Sturdevant's Auto parts is the regions largest automotive parts &
accessory business with 40  locally owned stores in SD, ND, Iowa
, Minnesota & Nebraska.

We are going to upload about 16 GB of corporate data. Personal do
cuments, lots of contracts and agreements, client data, financial
data (audits"
akira,Farmacisti Più Rinaldi S.p.A.,2025-06-05 00:00:00.000000,IT,Healthcare,,,"Farmacisti Più Rinaldi S.p.A. disctributes homeopathic products, 
herbal products, veterinary products, phytotherapeutic products, 
chemical substances and substances of plant origin including thos
e of non-pharmaceutical use, medical and surgical devices, biocid
es, medical devices, sanitary and hy"
akira,Dynamic Engineering,2025-06-03 00:00:00.000000,,Not Found,,,"Dynamic Engineering provides best maintained production machine s
hop equipment available. 

We are going to upload about 7 GB of corporate data. Employee (an
d relatives) personal information, financial data, projects info,
client data, contracts and agreements, NDAs, etc.
"
akira,North American Lighting,2025-06-03 00:00:00.000000,US,Manufacturing,,,"North American Lighting manufactures automotive lighting products
. The company offers turn signal, clearance, fog, rear, center hi
gh-mounted stop, and license plate lamps.

We are going to upload about 22 GB of corporate data. Employee pe
rsonal information, financial data (audits, payment details"
akira,DALB,2025-06-03 00:00:00.000000,US,Not Found,,,"DALB a global leader amongst the decorative and functional plasti
cs manufacturing companies.

We are going to upload about 25 GB of corporate data. Employee pe
rsonal information (DLs, DOB, addresses, SSNs and so on), financi
al data, contracts and agreements, client data, NDAs, etc.
"
akira,AGME Automated assembly solutions,2025-05-29 00:00:00.000000,DE,Manufacturing,,,"AGME Automated Assembly Solutions design and manufacture special 
purpose machines that best meet the automatic assembly needs of d
ifferent industries.

We are going to upload about 10 GB of corporate data. Lot of empl
oyee personal information (DOB, passport id, addresses, phones, e
mails, and so "
akira,"LaboratoriosBelloch (Nelly, Yunsey,Fresh feel)",2025-05-28 14:46:41.040521,ES,Manufacturing,,,"The company creates personal care products and cosmetic
s.

Here is the access to 25 GB of corporate data. Lots of 
projects files, detailed financial data, information ab
out all clients, contracts, correspondence, a bit of em
ployee personal documents, and a lot of other data of s
uch brands as Ne"
akira,"Laboratorios Belloch(Nelly, Yunsey, Fresh feel)",2025-05-26 00:00:00.000000,ES,Manufacturing,,,"The company creates personal care products and cosmetics. 

We are going to upload about 25 GB of corporate data. Lots of pro
jects files, detailed financial data, information about all clien
ts, contracts, correspondence, a bit of employee personal documen
ts, and a lot of other data of such brands"
akira,Delignit,2025-05-23 00:00:00.000000,DE,Manufacturing,,,"Delignit AG develop, manufacture and sell ecological materials an
d system solutions from renewable natural resources. 

We are going to upload about 24 GB of corporate data. Employee pe
rsonal documents, numerous contracts and agreements, confidential
client information (including Mercedes Benz fil"
akira,MSM International (TOYOMI),2025-05-20 00:00:00.000000,MY,Manufacturing,,,"TOYOMI was established in the year 1992 as a professional marketi
ng unit of MSM Metal Industries Sdn Bhd (MSM) to provide sheet me
tal forming services to the manufacturing and engineering sector 
both in Malaysia and internationally. 

We are going to upload more than 6 GB of corporate documents s"
akira,Rommel's Ac\Rommel Electric\Rommel Harley - Davidson,2025-05-20 00:00:00.000000,US,Manufacturing,,,"Rommel's Ace is part of Rommel Holdings, Inc., a mid-sized holdin
g company located in Fruitland, MD. Rommel Holdings has owned and
operated a variety of businesses dating back to the 1950's.

We are going to upload about 2 GB of corporate data. This is not 
much but there is so much personal inform"
akira,Williams Patent Crusher & Pulverizer Co.,2025-05-19 00:00:00.000000,US,Manufacturing,,,"Williams Patent Crusher & Pulverizer Co. offers a vast product li
ne including Roller Mills, Pulverizers, Hammer Mills, Primary & S
econdary Crushers, Impact Dryer Mills, Impact Crushers, Refuse Sh
redders, Shear Shredders, Nife Hogs, Nife Granulators, Wood Hogs,
Chippers, Apron Pan Feeders, Feeder "
akira,Termignoni SpA,2025-05-15 00:00:00.000000,IT,Manufacturing,,,"Termignoni SpA designs and creates motorbike exhaust systems for 
use at the highest levels.

We are going to upload about 1,5 GB of corporate data. Lot of per
sonal information (DOB, address, phones, emails, and so on), fina
ncial data, client data, contracts and agreements, NDAs, etc.
"
akira,Av Alumitran,2025-05-14 00:00:00.000000,ES,Manufacturing,,,"AV Alumitran is an established company with more than 40 years of
experience in aluminium extrusion.

We are going to upload more than 80GB of corporate data. A lot of
project data (descriptions, drawings and so on), agreements, ver
y detailed financial data (audits, payment details, reports, invo
i"
akira,Superior Steel,2025-05-13 00:00:00.000000,US,Manufacturing,,,"Superior Steel is experienced in all manners of contracting arran
gements including competitive bid, negotiated contract, design bu
ild and fast track projects.

We are going to upload more than 6 GB of corporate documents. Emp
loyees passports, DLs, NDAs, confidentiality agreements, financia
l data"
akira,Franman,2025-05-13 00:00:00.000000,GR,Transportation/Logistics,,,"Franman provides a wide range of services to the shipping industr
y, focused on shipbuilding equipment, spare parts, ship repairs, 
service, consulting and security services.

We are going to upload more than 15 GB of corporate data (10gb SQ
Ls). A lot of employees personal information, NDAs, confid"
akira,Myers Automotive Group,2025-05-10 00:00:00.000000,CA,Business Services,,,"Myers Automotive Group sales and services automobiles. The company is headquartered in Ottawa, Ontario. Files of this company willbe available for downloading soon. Agreements, clients and employees information, detailed accounting and other data."
akira,Selenis (Evertis is also involved),2025-05-08 00:00:00.000000,PT,Manufacturing,,,"Selenis is part of the IMG Group, a family-owned multinational wi
th presence in the polymers industry since 1959. Selenis is a pre
mium supplier of innovative copolyesters for a diverse range of a
pplications. 

We are going to upload more than 70GB of essential corporate docu
ments such as: a lot "
akira,Tolerance Masters,2025-04-28 00:00:00.000000,US,Manufacturing,,,"Tolerance Masters company manufactures impellers and wheels in cu
stom configurations to meet the exact requirements of their clien
t specifications.

We are going to upload 18 GB of essential corporate documents suc
h as: personal information employees, a bit of customers informat
ion, financial da"
akira,J. SCHNEEBERGER Maschinen AG,2025-04-25 00:00:00.000000,CH,Manufacturing,,,"J. SCHNEEBERGER Maschinen AG develops and produces the most moder
n CNC grinding machines for the manufacturing and re-grinding of 
cutting tools and the production of a variety of precision parts.

We are going to upload more than 30 GB of corporate documents suc
h as: passports and identity cards "
akira,Selenis (Evertis),2025-04-22 00:00:00.000000,PT,Manufacturing,,,"Selenis is part of the IMG Group, a family-owned multin
ational with presence in the polymers industry since 19
59. Selenis is a premium supplier of innovative copolye
sters for a diverse range of applications. 

We are going to upload more than 70GB of essential corp
orate documents such as: a lot "
akira,ZB ZIMMERMANN UND BECKERGmbH,2025-04-21 20:22:54.747240,DE,Manufacturing,,,"ZBP Zimmermann und Becker is an architecture and planni
ng firm that offers engineering, planning, design, and 
object monitoring services. 

You will find more than 70 GB of essential corporate do
cuments such as: pension insurance numbers, contact num
bers and e-mail addresses of employees and cus"
akira,Bindi SpA,2025-04-21 00:00:00.000000,IT,Agriculture and Food Production,,,"Bindi SpA is headquartered in Italy. The Company's line of busine
ss includes the manufacturing of concrete products from a combina
tion of cement and aggregate.

We are ready to upload 30 GB of corporate documents such as: cont
act numbers and e-mail addresses of customers, financial data (au
dits,"
akira,Hayward Quartz Technology,2025-04-18 00:00:00.000000,US,Manufacturing,,,"Hayward Quartz Technology started in Hayward California with a si
mple goal of supporting quartz fabricators with high quality mach
ined quartz products. 

We are ready to upload more than 50 GB of corporate documents suc
h as: employee details, financial data, corporate NDA, etc.
"
akira,TrussWorks International,2025-04-18 00:00:00.000000,US,Manufacturing,,,"TWI can engineer, design, fabricate, machine, paint, and pre-asse
mble all aspects of your project in house, which gives us complet
e control over quality, schedule, and budget. 

We are ready to upload more than 13 GB of essential corporate doc
uments such as: contact numbers and e-mail addresses o"
akira,Anfarm Hellas,2025-04-16 00:00:00.000000,GR,Not Found,,,"ANFARM is a manufacturer of generic pharmaceutical formulations f
or human use. The company sells its products to 31 countries and 
acts as third party manufacturer to 45 clients.

We are ready to upload more than 35 GB of essential corporate doc
uments such as: contact numbers and e-mail addresses "
akira,Lamberti Group,2025-04-16 00:00:00.000000,IT,Manufacturing,,,"The Lamberti Group produces chemical specialties for a broad rang
e of applications.

We are ready to upload essential corporate documents such as: det
ailed financial information, employee personal information, proje
cts, customers data, corporate NDA’s, etc.
"
akira,King Industries Inc.,2025-04-15 00:00:00.000000,US,Not Found,,,"King Industries, Inc. designs, manufactures, and distributes addi
tives for small to large companies throughout the world who make 
their own branded products we all know and use like engine oils, 
greases, hydraulic oils, paints, coatings, and rubber goods.

We are ready to upload more than 260 GB "
akira,Oklahoma Steel & Wire,2025-04-14 00:00:00.000000,US,Manufacturing,,,"Oklahoma Steel & Wire Co Inc. offers a complete line in both agri
cultural and industrial wire products.

We are ready to upload more than 129 GB of essential corporate do
cuments such as: corporate licenses, agreements and contracts, co
ntact numbers and e-mail addresses of employees and customers,"
akira,STUMPF MÜLLER Biberach,2025-04-14 00:00:00.000000,DE,Not Found,,,"The company rents and leases tools and equipment in the areas of 
sanitation, heating, control and control technology.

We are ready to upload some of essential corporate documents such
as: contact numbers and e-mail addresses of employees and custom
ers, corporate licenses, agreements and contracts"
akira,All4Labels -Global Packaging Group,2025-04-12 17:17:43.289671,DE,Manufacturing,,,"All4Labels, headquartered in Hamburg, is one of the wor
ld’s top label manufacturers and the leading provider o
f digital printing solutions with a specialization on t
he home and personal care as well as food & beverage ma
rkets. 

You will find more than 192 GB of essential corporate d
ocuments su"
akira,"Batesville Products,Inc.",2025-04-10 00:00:00.000000,US,Manufacturing,,,"BPI is a full-service, custom aluminum casting supplier headquart
ered in Lawrenceburg, IN.

We are ready to upload more than 7 GB of essential corporate docu
ments such as: contact numbers and e-mail addresses of employees 
and customers, corporate NDA’s, financial data (audits, payment d
etails, r"
akira,Watkins Steel,2025-04-10 00:00:00.000000,AU,Manufacturing,,,"Watkins Steel has been delivering quality metal work products and
services to clients in the building and construction industry.

We are ready to upload 17 GB of corporate documents such as: pers
onal files of employees, client data, projects info, financial da
ta (audits, tax statements, payment de"
akira,Consonic,2025-04-09 00:00:00.000000,,Not Found,,,"Consonic has a proud 50 year history of providing engineering sol
utions to the Australian and New Zealand Automotive, Plastic Proc
essing, Packaging, Food Processing and Medical industries.

We are ready to upload more than 26 GB of essential corporate doc
uments such as: contact numbers and e-mail"
akira,Bauer-Walser AG,2025-04-08 00:00:00.000000,CH,Not Found,,,"Bauer Walser AG is a leading company in the precious metals indus
try with a 100-year history of success.

We are ready to upload more than 50 GB of essential corporate doc
uments such as: corporate NDA’s, contact numbers and e-mail addre
sses of employees and customers, financial data (audits, paym"
akira,"Parker Fabrication, Inc",2025-04-04 00:00:00.000000,US,Manufacturing,,,"Parker Fabrication, Inc.'s Manufacturing & Engineering techniques
are able to produce the utmost in service, customized applicatio
ns, & design for any Metal project. 

We are ready to upload some essential corporate documents such as
: financial data (audits, payment details, reports), internal cor"
akira,Fuller Metric Parts,2025-04-03 00:00:00.000000,CA,Manufacturing,,,"Fuller Fasteners has been operating since 1976, providing an exte
nsive inventory of metric and inch fasteners in Surrey, BC, Missi
ssauga, ON, and Shanghai warehouses. 

We are ready to upload more than 8 GB of essential corporate docu
ments such as: HR documents, financial data (audits, payment de"
akira,Prima Power,2025-04-02 00:00:00.000000,IT,Manufacturing,,,"Prima Power provides businesses of all sizes with targeted dynami
c technologies that enhance profitability in sheet metal working.

We are ready to upload a lot of essential corporate documents suc
h as: corporate NDA’s, financial data (audits, payment details, r
eports), etc.
"
akira,"Entech Sales & Service, LLC",2025-04-02 00:00:00.000000,US,Business Services,,,"The company's services offer expertise in areas like building aut
omation, card access systems, chemical water treatment, rental he
ating, ventilation, air conditioning, generator equipment, and ot
her commercial support.

We are ready to upload more than 174 GB of essential corporate do
cuments suc"
akira,Mercury Integrated Manufacturing,2025-04-01 00:00:00.000000,CA,Manufacturing,,,"Mercury Corporation is a large manufacturing company that produce
s your parts using print technology. They deal primarily with met
al products, as well as medium and large plastic products, and ha
ve in-house capabilities to create a product from design to compl
etion. 

We are ready to upload more"
akira,"Bamar Plastics, Inc.",2025-04-01 00:00:00.000000,US,Manufacturing,,,"Bamar Plastics, Inc. is a custom injection molding company specia
lizing in the production of precision parts in thermoplastic engi
neering resins for customers who require high quality coupled wit
h maximum cost effectiveness.

We are ready to upload more than 27 GB of essential corporate doc
ument"
akira,REPROHAUS Corp,2025-03-31 00:00:00.000000,US,Not Found,,,"Pioneers in signage and printing, focused on every detail from de
sign and fabrication to installation and management.

We are ready to upload more than 16 GB of essential corporate doc
uments such as: corporate NDA’s, driver licenses, personal SSN’s 
and passports, financial data (audits, payment d"
akira,Kaspar Companies,2025-03-28 00:00:00.000000,US,Manufacturing,,,"Kaspar Companies is a building material provider company. 

We are ready to upload more than 200 GB of databases and essentia
l corporate documents such as: financial data (audits, payment de
tails, reports), corporate licenses, agreements and contracts, dr
iver licenses, etc.
"
akira,S.S. White,2025-03-28 00:00:00.000000,US,Manufacturing,,,"S.S. White leads the world in Flexible Shaft technology and innov
ation. They are known throughout the world for having the best pe
rforming, highest quality Flexible Shafts.

We are ready to upload more than 50 GB of essential corporate doc
uments such as: HR documents, corporate licenses, agreemen"
akira,Superior Forge & Steel,2025-03-28 00:00:00.000000,US,Manufacturing,,,"SFS is a fully integrated alloy steel product manufacturer from s
crap selection for melting through finishing. The primary product
is forged and hardened rolls for hot and cold rolling of ferrous
and nonferrous metals.

We are ready to upload more than 22 GB of essential corporate doc
uments such a"
akira,NAI Earle Furman,2025-03-27 00:00:00.000000,US,Business Services,,,"NAI Earle Furman, LLC specialize in the office, industrial, retai
l, land, multifamily, and investment sectors and offer a wide ran
ge of services including sales, leasing, development, site select
ion, consulting, and property management.

We are ready to upload more than 64 GB of essential corpora"
akira,Manning Materials Corp.,2025-03-27 00:00:00.000000,US,Manufacturing,,,"As a single source supplier of Exterior Insulation Finish Systems
(EIFS), Stucco, Stucco Components, and Insulated Concrete Forms 
(ICF) products, Manning Materials has earned a reputation for out
standing quality building materials, along with concentrated expe
rtise and exceptional service.

We ar"
akira,Primex Farms LLC,2025-03-25 00:00:00.000000,US,Agriculture and Food Production,,,"Primex Farms is a manufacturer of nuts and dried fruits. 

We are ready to upload more than 25 GB of essential corporate doc
uments such as: corporate NDA’s, personal driver license scans, p
assports and other employee and customer documents, financial dat
a (audits, payment details, reports), corpo"
akira,CS Plastics,2025-03-21 00:00:00.000000,BE,Manufacturing,,,"CS Plastics specializes in manufacturing machines and equipment f
or the plastic processing sector. 

We are ready to upload a lot of essential corporate documents suc
h as: driver licenses, financial data (audits, payment details, r
eports), internal corporate correspondences, contact numbers and 
"
akira,ZB ZIMMERMANN UND BECKER GmbH,2025-03-20 00:00:00.000000,DE,Manufacturing,,,"ZBP Zimmermann und Becker is an architecture and planning firm th
at offers engineering, planning, design, and object monitoring se
rvices. 

We are ready to upload more than 70 GB of essential corporate doc
uments such as: pension insurance numbers, contact numbers and e-
mail addresses of employee"
akira,VEST LLC,2025-03-19 00:00:00.000000,,Not Found,,,"Vest LLC is one of the largest producers of electric welded carbo
n steel tubing in the Western United States. They are located in 
the heavy industrial neighborhood of Los Angeles named Vernon.

We are ready to upload more than 125 GB of essential corporate do
cuments such as: corporate NDA’s, fina"
akira,LINC Systems,2025-03-19 00:00:00.000000,US,Manufacturing,,,"LINC Systems is a leading distributor of fastening solutions and 
industrial supplies. 

We are ready to upload mor4e than 11 GB of essential corporate do
cuments such as: contact numbers and e-mail addresses of employee
s, vendors and customers, financial data (audits, payment details
, reports), c"
akira,Machu Picchu Foods,2025-03-19 00:00:00.000000,PE,Agriculture and Food Production,,,"Machu Picchu Foods provides services as a cacao ingredient and ch
ocolate supplier, as well as a contract manufacturer for private 
labels.

We are ready to upload some essential corporate documents such as
: financial data (audits, payment details, reports), contact numb
ers and e-mail addresses of"
akira,"The Ely Company, Inc.",2025-03-19 00:00:00.000000,US,Not Found,,,"The Ely Company, Inc. has a solid foundation of over 50 years exp
erience with the manufacturing and productions of quality machine
d parts for Commercial and Aerospace Industries.

We are ready to upload more than 14 GB of essential corporate doc
uments such as: financial data (audits, payment deta"
akira,JAMEL CONTAINERS LLC,2025-03-18 00:00:00.000000,,Manufacturing,,,"JAMEL CONTAINERS specialize in custom corrugated packaging, custo
m printing & die-cuts, custom design services, and fulfillment fo
r industries including manufacturing goods, health products, and 
foods.

We are ready to upload a lot of essential corporate documents suc
h as: corporate NDA’s, drive"
akira,Peerless Food Equipment,2025-03-12 00:00:00.000000,US,Manufacturing,,,"Peerless Food Equipment is a food equipment company dedicated to 
creating value for the world’s leading wholesale bakeries and com
mercial food processors by developing and applying innovative tec
hnology for excellent solutions. 

We are ready to upload more than 200 GB of essential corporate do
c"
akira,All4Labels - Global Packaging Group,2025-03-11 00:00:00.000000,DE,Manufacturing,,,"All4Labels, headquartered in Hamburg, is one of the world’s top l
abel manufacturers and the leading provider of digital printing s
olutions with a specialization on the home and personal care as w
ell as food & beverage markets. 

We are ready to upload more than 192 GB of essential corporate do
cu"
akira,"Safe-Strap Company, LLC",2025-03-10 00:00:00.000000,US,Manufacturing,,,"Safe-Strap Company, LLC mission is to provide our valued clients 
with the most innovative products and the highest quality of serv
ice to make shopping safe and convenient just as we have since we
were founded three decades ago.

We are ready to upload more than 10 GB of essential corporate doc
ume"
akira,Arcusin,2025-03-10 00:00:00.000000,ES,Agriculture and Food Production,,,"Arcusin develop and manufacture specialized bale handling equipme
nt to increase efficiency and cost savings for farmers around the
world.

We are ready to upload more than 55 GB of essential corporate doc
uments such as: corporate NDA’s, confidential licenses, agreement
s and contracts, internal co"
akira,Pacific Honda Company,2025-03-10 00:00:00.000000,US,Manufacturing,,,"Pacific Honda is proud to serve Oahu drivers with incredible Hond
a sales, service and financing. Whether you're hoping to lease a 
new Honda, buy a pre-owned car or discuss auto financing, we're y
our one-stop car-buying shop.

We are ready to upload more than 13 GB of essential corporate doc
ument"
akira,"Callico Distributors, Inc.",2025-03-10 00:00:00.000000,US,Business Services,,,"Callico is New England's independent redistributor of janitorial,
food service & industrial products.

We are ready to upload more than 32 GB of essential corporate doc
uments such as: confidential licenses, agreements and contracts, 
financial data (audits, payment details, reports), internal corre"
akira,Cyncly Company,2025-03-05 00:00:00.000000,,Not Found,,,"2020, a Cyncly company, provides software, services and content t
o help professional designers, retailers and manufacturers bring 
ideas to life, inspire innovation and streamline processes.

We are ready to upload more than 32 GB of essential corporate doc
uments such as: 
contact numbers and e-ma"
akira,Adrenalina,2025-03-05 00:00:00.000000,MX,Not Found,,,"Adrenalina is a manufacturer and retailer of professional and qu
ality clothing for athletes and sports enthusiasts.

We are ready to upload 10 GB of essential corporate documents.
"
akira,Ray Fogg Corporate Properties,2025-03-04 00:00:00.000000,US,Business Services,,,"Ray Fogg Corporate Properties has a vast portfolio of flexible of
fice, warehouse, industrial and office / warehouse (Flex) propert
ies available for lease.

We are ready to upload more than 75 GB of essential corporate doc
uments such as: financial data (audits, payment details, reports)
, confiden"
akira,Mercury Paper Inc,2025-02-27 00:00:00.000000,US,Manufacturing,,,"Mercury Paper is a rapidly growing manufacturer of bath tissue an
d paper towels. It provides contract manufacturing to Oasis Brand
s for FIORA®, one of the fastest growing brands in the U.S. 

We are ready to upload more than 100 GB of essential corporate do
cuments such as: financial data (audits,"
akira,Meta E2 F,2025-02-27 00:00:00.000000,DE,Not Found,,,"Meta E2 F provides a wide range of highly skilled, state-of-the-a
rt manufacturing and development capabilities for the production 
of electrical, electronic and cable products.

We are ready to upload more than 9 GB of essential corporate docu
ments such as: financial data (audits, payment details,"
akira,National AirVibrator,2025-02-25 21:50:00.568737,US,Transportation/Logistics,,,"NAVCO bin hopper vibrators, railcar vibrators, and othe
r vibratory equipment are used in rail cars, trucking, 
foundries, and process manufacturing, to facilitate flo
w of bulk materials through hoppers, bins, bunkers, and
other vessels for efficiency and profitability. 

You will find more than  4"
akira,Thornton EngineeringAustralia Pty Ltd,2025-02-24 00:00:00.000000,AU,Manufacturing,,,"Thornton Engineering provides design and fabrication of structura
l steel, pressure vessels, heat exchangers, plate and piling stee
l products for major projects Australia wide. 

We are ready to upload more than 11 GB of essential corporate doc
uments such as: contact numbers and e-mail addresses o"
akira,"Navien, Inc.",2025-02-24 00:00:00.000000,US,Manufacturing,,,"The #1 brand in high-efficiency condensing tankless water heaters
, combination boilers and wall-mounted boilers. Official ENERGY S
TAR® Partner. Navien products are available in the U.S. and Canad
a through a select network of wholesale distributors. 

We are ready to upload more than 61 GB of esse"
akira,"Berg Engineering Consultants, Ltd.",2025-02-20 00:00:00.000000,US,Business Services,,,"Berg Engineering Consultants, Ltd. is a consulting engineering co
mpany that provides Heating, Ventilating, Air-Conditioning, Elect
rical, Plumbing and Fire Protection engineering and design servic
es for Hospitals, Schools, Offices and Industrial Buildings.

We are ready to upload more than 30 GB o"
akira,Minaris Medical America,2025-02-20 00:00:00.000000,US,Healthcare,,,"Minaris Medical America, formally known as MAST Immunosystems Inc
(1979-1996) and Hitachi Chemical Diagnostics (1996-2021) was the
first company to introduce a multiplex in vitro diagnostic test 
for allergies and one of the first to introduce a chemiluminescen
t assay system for the detection of lg"
akira,Mac Jee,2025-02-20 00:00:00.000000,BR,Technology,,,"Mac Jee operates in the defense and aerospace segment. It current
ly comprises Mac Jee Defense, which is responsible for the develo
pment, production and marketing of defense systems; Mac Jee Tecno
logia, which specializes in improving or creating energy products
; and Equipaer, which is responsible"
akira,Nebraska Irrigation,2025-02-20 00:00:00.000000,US,Agriculture and Food Production,,,"Supplier and manufacturer of center pivot components to dealers d
omestically and internationally.

We are ready to upload a lot of essential corporative documents s
uch as: NDA’s, driver licenses, 
financial data (audits, payment details, reports), contact number
s and e-mail addresses of employees"
akira,Südkabel GmbH,2025-02-19 00:00:00.000000,DE,Manufacturing,,,"Südkabel in Mannheim develops, produces and supplies underground 
cables for medium, high and extra-high voltage as well as the cor
responding accessories for energy transmission and distribution c
ustomers.

We are ready to upload more than 27 GB of essential corporate doc
uments such as: many NDA’"
akira,Ondunova,2025-02-19 00:00:00.000000,ES,Not Found,,,"Grup Ondunova is one of the leading corrugated cardboard packagin
g manufacturing groups in Catalonia and is formed by the companie
s Ondunova and Wondu, with their respective production centers in
Santa Margarida i Els Monjos, Barcelona. 

We are ready to upload more than 31 GB of essential corpora"
akira,Decore-Ative Specialties,2025-02-18 00:00:00.000000,US,Manufacturing,,,"Lean manufacturer of custom cabinet components for the kitchen, b
ath, closet, garage, and home organization industries.

We are ready to upload more than 8 GB of essential corporate docu
ments such as: NDA’s, confidential licenses, agreements and contr
acts, financial data (audits, payment details,"
akira,Thong Sia,2025-02-17 00:00:00.000000,SG,Not Found,,,"THONG SIA GROUP, a member of STELUX Group of Companies, is also t
he sole distributor of Seiko watches, Seiko clocks, Lorus clocks,
Alba watches, Wired watches and Seiko special time equipment in 
Hong Kong, Malaysia, Brunei, Singapore and Macau.

We are ready to upload a lot of sensitive corporate "
akira,Regency Media,2025-02-14 00:00:00.000000,AU,Not Found,,,"Regency Media, with a rich history spanning over 40 years, was on
ce a leader in manufacturing optical discs, VHS, and audio casset
tes for Australia's top film entertainment and recorded music com
panies, as well as independent distributors.

We are ready to upload more than 16 GB of essential corp"
akira,COSMED,2025-02-14 00:00:00.000000,IT,Healthcare,,,"COSMED is a privately owned company manufacturing Cardio Pulmonar
y, Metabolic and Body Composition diagnostic equipment. 

We are ready to upload more than 25 GB of essential corporate doc
uments such as: passport scans, NDAs, confidential files, financi
al data (audits, payment details, reports), "
akira,CoMo-Industrial Engineering,2025-02-13 00:00:00.000000,DE,Manufacturing,,,"CoMo Industrial Engineering offers a comprehensive range of indus
trial engineering services. From precise piping design and flexib
ility analysis to strength calculations for pressure vessels and 
storage tanks. 

We are ready to upload more than 17 GB of essential corporate doc
uments such as: fin"
akira,Vicky Foods,2025-02-12 00:00:00.000000,ES,Agriculture and Food Production,,,"Vicky Foods Company have an egg factory in Terrateig, a plastic f
ilm packaging factory in La Pobla del Duc and a factory that prod
uces and packages dried fruits and nuts in Las Palmas.

We are ready to upload more than 10 GB of sensitive corporate doc
uments such as: contact numbers and e-mail add"
akira,Presence From Innovation (PFI),2025-02-06 00:00:00.000000,US,Not Found,,,"Manufacturer and Distributor of Custom Retail Store Displays and 
Fixtures made of Plastic, Wood, Metal, or Wire.

We are ready to upload more than 13 GB of sensitive corporate doc
uments such as: confidential agreements and contracts, driver lic
ense numbers, HR documents, contact numbers and e-mai"
akira,mielectric.com.br,2025-02-04 17:52:23.583820,BR,Manufacturing,,,Extract from Taking stock of 2024 Part 2
akira,engineeredequip.com,2025-02-04 17:52:00.106150,US,Manufacturing,,,Extract from Taking stock of 2024 Part 2
akira,mipa.com.br,2025-02-04 17:48:59.792579,BR,Manufacturing,,,Extract from Taking stock of 2024 Part 2
akira,westernwoodsinc.com,2025-02-04 17:41:02.420505,US,Manufacturing,,,Extract from Taking stock of 2024 Part 2
akira,vanguardpaints.com,2025-01-31 16:48:37.057512,US,Manufacturing,,,Extract from Taking stock of 2024 Part 1
akira,calfaucets.com,2025-01-31 15:11:16.992424,US,Manufacturing,,,Extract from Taking stock of 2024 Part 1
akira,worldfabricinc.com,2025-01-31 15:07:11.068491,US,Manufacturing,,,Extract from Taking stock of 2024 Part 1
akira,Perfect Plastic,2025-01-30 16:14:56.879976,,Manufacturing,,,"A world leader in payment card production. Innovative solutions i
n contactless, EMV, chip cards, and personalization. 

We are ready to upload a lot of private corporate documents such 
as: confidential agreements and contracts, driver licenses, finan
cial data (audits, payment details, reports), c"
akira,Unicorr Packaging Group,2025-01-26 00:00:00.000000,US,Manufacturing,,,"Unicorr is among the largest converters of custom corrugated prod
ucts and protective packaging in the Northeast.

We are ready to upload more than 90 GB of essential corporate doc
uments such as: financial data (audits, payment details, reports)
, corporate NDA’s, contact numbers and e-mail address"
akira,Elite Advanced Laser Corporation,2025-01-19 00:00:00.000000,TW,Technology,,,"Elite Advanced Laser Corporation (eLASER ), headquarter
ed in Chung Ho Dist, New Taipei City, Taiwan, is a EMS 
(Electronic Manufacturing Service) service of advanced 
optoelectronic and RF component for information , optic
al and RF communication.

You will find more than 90 GB of essential corpora"
akira,Chain And Rope SuppliersLTD,2025-01-17 12:18:47.239336,IE,Manufacturing,,,"Started over 40 years ago, Chain And Rope Suppliers has
grown from a specialist supplier of lifting equipment 
to Ireland's leading lifting controls and safety specia
list.

You will find some private corporate documents includin
g: internal financial documents, contact numbers and e-
mail addresses"
akira,Metalmatrix Clamps,2025-01-10 15:16:07.187423,BR,Manufacturing,,,"Metalmatrix is ​​a reference in the state-of-the-art manufacturin
g of safe clamps for all segments. They have representatives thro
ughout Brazil and export worldwide.

We are ready to upload more than 10 GB of private corporate docum
ents including: internal financial information, CNPJ numbers, con"
akira,Galfer,2025-01-09 12:16:22.360090,ES,Manufacturing,,,"GALFER is a leading manufacturer of friction materials and compon
ents for braking systems for the automobile, motorcycling, and bi
cycle sectors.

We are ready to upload more than 65 GB of private corporate docum
ents including: NDAs, contact numbers and e-mail addresses of emp
loyees and customers"
akira,Permoda,2025-01-09 12:16:20.313962,PA,Not Found,,,"A leading company in the retail industry. Permoda is an expert in
the production, manufacturing and distribution of textiles and s
ells their products through the KOAJ brand. They are present in C
olombia, Costa Rica, Ecuador and Panama.

We are ready to upload more than 220 GB of private corporate "
akira,Press Color,2025-01-08 16:34:48.270489,,Not Found,,,"Press Color, Inc. (PCI) is a privately held Wisconsin based print
ing ink manufacturer of flexographic and offset inks.  Incorporat
ed over sixty years ago, PCI offers total solutions for the print
ing and converting industry.

We are ready to upload a lot of private corporate documents inclu
ding: "
akira,PJ's Rebar,2024-12-28 00:00:00.000000,US,Manufacturing,,,"Rebar supply & preassembly company that is focused on pre-assembl
ed, fabricated, and stock rebar in all grades and sizes.

We are ready to upload more than 40 GB of private corporate docum
ents including: contact numbers and e-mail addresses of employees
and customers, internal financial documents,"
akira,Ichikawa North America Corporation,2024-12-26 00:00:00.000000,JP,Manufacturing,,,"Ichikawa Co., Ltd. manufactures and sells paper making and indust
rial felts in Japan and internationally.

We are ready to upload some private corporate documents including
: internal financial documents, confidential agreements, customer
contact phone numbers and e-mails, SSNs. employee contacts, "
akira,Billet Precision,2024-12-23 00:00:00.000000,CA,Manufacturing,,,"High precision machining of complex, mission critical components.
Billet Precision specializes in unique, high-end, difficult to m
anufacture components.

We are ready to upload more than 25 GB of private corporate docum
ents including: contact numbers and e-mail addresses of employees
and customers"
akira,Chain And Rope Suppliers LTD,2024-12-23 00:00:00.000000,IE,Manufacturing,,,"Started over 40 years ago, Chain And Rope Suppliers has grown fro
m a specialist supplier of lifting equipment to Ireland's leading
lifting controls and safety specialist.

We are ready to upload some private corporate documents including
: internal financial documents, contact numbers and e-mail ad"
akira,Leyman Manufacturing,2024-12-19 00:00:00.000000,US,Manufacturing,,,"A leading manufacturer of all hydraulic lift gates, Leyman Lift G
ates provides equipment and services to all industries that trans
port goods.

We are ready to upload a lot of internal corporate data including
: NDAs, customer contacts with phone numbers and emails, internal
confidential documents,"
akira,Fullmer Construction,2024-12-18 00:00:00.000000,US,Business Services,,,"Fullmer Construction is a privately held business providing expe
rtise in the following areas of construction: Commercial, Pre-Cas
t Tilt-Up Industrial, Tenant Improvement, Office and Private Camp
us, Medical Office and Reconstruction.

We are ready to upload some internal corporate documents includ"
akira,Nova Pole International Inc.,2024-12-11 00:00:00.000000,CA,Manufacturing,,,"Nova Pole manufacture and market tubular steel poles for use in h
ighway and street lighting, traffic signage, electrical distribut
ion systems, transmission towers, cellular towers, telecommunicat
ions systems, solar lighting systems and decorative for streetsca
pe lighting poles and fixtures.

We "
akira,Matandy (matandy.com),2024-12-10 00:00:00.000000,US,Manufacturing,,,"Matandy Steel & Metal Products, LLC, is a steel service center sp
ecializing in the processing of flat rolled material, including a
luminized, hot dip galvanized, electro-galvanized, cold rolled, g
alvannealed, galvalume, and hot rolled pickled and oiled.

We are ready to upload a lot of internal co"
akira,AAA Environmental,2024-12-10 00:00:00.000000,US,Business Services,,,"AAA Environmental provides environmental training, industrial hyg
iene, safety, online classes, and consultation services.

We are ready to upload a lot of private corporate documents inclu
ding: internal financial documents, employee medical documents, c
ontact numbers and e-mail addresses of emplo"
akira,Consumers Builders Supply,2024-12-09 00:00:00.000000,US,Business Services,,,"Consumers Builders Supply has supplied leading builders and contr
actors with ready mix concrete, aggregate and masonry material fo
r commercial, industrial, residential, and road and bridge projec
ts. 

We are ready to upload some internal corporate documents includin
g: customer contacts, inside f"
akira,Jamaica Bearings Group,2024-12-06 00:00:00.000000,US,Transportation/Logistics,,,"JBG  provides production and spares supply chain management progr
ams into many global Tier I aerospace OEMs, system integrators, a
irlines, and MROs.

We are ready to upload more than 50 GB of internal corporate docu
ments including: NDAs, SSNs, employee contacts with phones and em
ails, HR informa"
akira,Pb Loader,2024-12-06 00:00:00.000000,US,Business Services,,,"PB Loader offers a complete line of Truck Mounted loaders, Asphal
t Patchers, Emulsion Sprayers, Truck Equipment and Bodies.

We are ready to upload more than 200 GB of internal corporate doc
uments including: NDAs, inside financial information, customer an
d employee contacts, SSNs etc.
"
akira,National Air Vibrator,2024-12-06 00:00:00.000000,US,Manufacturing,,,"NAVCO bin hopper vibrators, railcar vibrators, and other vibrator
y equipment are used in rail cars, trucking, foundries, and proce
ss manufacturing, to facilitate flow of bulk materials through ho
ppers, bins, bunkers, and other vessels for efficiency and profit
ability. 

We are ready to upload mo"
akira,VO Baker,2024-12-06 00:00:00.000000,US,Not Found,,,"V. O. BAKER COMPANY is a chemicals company based out of 8647 TWIN
BROOK RD., MENTOR, Ohio, United States.

We are ready to upload some private corporate documents including
: SSN, contact numbers and e-mail addresses of employees and cust
omers, employee injury reports, internal financial documents "
akira,Séguin Haché SENCRL,2024-12-05 00:00:00.000000,CA,Not Found,,,"Séguin Haché SENCRL specialize in different fields such as constr
uction, agriculture, manufacturing companies, condominium associa
tions, housing cooperatives, non-profit organizations and early c
hildhood centers.

We are ready to upload more than 70 GB of internal corporate docu
ments including: "
akira,Milwaukee Cylinder,2024-12-05 00:00:00.000000,US,Manufacturing,,,"Milwaukee Cylinder is a leader and innovator in the hydraulic and
pneumatic actuation field.

We are ready to upload more than 10 GB of internal corporate docu
ments including: NDAs, HR documents with personal data, driver li
censes, inside financial documents etc.
"
akira,Billet Precision (billetprecision.ca),2024-12-05 00:00:00.000000,CA,Manufacturing,,,"High precision machining of complex, mission critical components.
Billet Precision specializes in unique, high-end, difficult to m
anufacture components.

We are ready to upload more than 25 GB of private corporate docum
ents including: contact numbers and e-mail addresses of employees
and customers"
akira,Surface Combustion,2024-12-04 00:00:00.000000,US,Manufacturing,,,"Surface Combustion, Inc. is a highly respected producer of therma
l processing equipment, headquartered in Maumee, Ohio.

We are ready to upload more than 20 GB of private corporate docum
ents including: contact numbers and e-mail addresses of employees
and customers, SSNs, driver licenses, HR docum"
akira,VODOTEHNIKA D.D.,2024-12-03 00:00:00.000000,HR,Not Found,,,"Vodotehnika provides quality design, production and retail of hom
e equipment and decor as well as support services.

We are ready to upload some private corporate documents such as: 
internal financial documents, contact numbers and e-mail addresse
s of employees and customers, passports (identity "
akira,REIMERS FURNITURE MFG INC,2024-12-01 00:00:00.000000,US,Manufacturing,,,"RFM seating create chairs that are customizable, long lasting, an
d available for all body types so that every customer finds a cha
ir that truly fits them.

We are ready to upload more than 58 GB of essential corporate doc
uments such as: corporate licenses, agreements and contracts, cor
porate NDA"
akira,Gunnar Prefab,2024-11-29 00:00:00.000000,SE,Manufacturing,,,"Gunnar Prefab develop, manufacture and deliver prefabri
cated concrete products to the entire Nordic region.

You will find some private corporate documents includin
g: NDAs, contact numbers and e-mail addresses of employ
ees and customers, HR documents etc. 

We have made the process of downloading"
akira,Aviosupport,2024-11-27 00:00:00.000000,US,Transportation/Logistics,,,"Aviosupport is a leader in the global distribution of aircraft sp
are parts to the commercial aerospace industry.

We are ready to upload a lot of internal corporate documents incl
uding:  NDAs, insurance documents, customer contacts, employees c
ontact with family info and many others data.
"
akira,Packard Machinery,2024-11-27 00:00:00.000000,US,Manufacturing,,,"Packard Machinery Co. is a premier distributor of both high end a
nd economy class equipment. With a full compliment of Sales, Serv
ice, Parts & Applications

We are ready to upload more than 25 GB of internal corporate docu
ments including: inside financial information, customer and emplo
yee conta"
akira,Thomas Greg & Sons Ltda,2024-11-26 00:00:00.000000,CO,Manufacturing,,,"Thomas Greg & Sons Ltda is a company that operates in the Plastic
, Packaging & Containers industry.

We are ready to upload a lot of internal financial documents, emp
loyees medical documents and contacts, customer contacts and corr
espondences etc.
"
akira,HTT Packaging & Design,2024-11-26 00:00:00.000000,CA,Manufacturing,,,"HTT Packaging & Design offers contract manufacturing for cosmetic
and personal care flexible packaging, including single-serve sti
ck packs.

We are ready to upload a lot of internal corporate documents incl
uding: SSNs, employee and customer contact phones and emails, NDA
s, etc.
"
akira,AMI Consulting Engineers,2024-11-26 00:00:00.000000,GB,Business Services,,,"AMI is driving innovation in Ports & Harbors, Coastal & Riverine,
Waterfronts & Marinas, Dams & Levees, Buildings, and Industrial 
Facilities.

We are ready to upload more than 30 GB of internal corporate docu
ments including: NDAs, human resources info, confidential agreeme
nts, SSNs, personal medi"
akira,ProCaps Laboratories,2024-11-26 00:00:00.000000,US,Healthcare,,,"Procaps founded 1979 and headquartered in Henderson, Ne
vada, manufactures vitamin supplements and distributes 
them online offering multiple products including, weigh
t management, multivitamins, and energy & joint supplem
ents.

You will find mssql databases with internal corporate i
nformation.

"
akira,Astor Chocolate,2024-11-25 00:00:00.000000,US,Agriculture and Food Production,,,"Founded in 1950, Astor Chocolate is a company that specializes in
the manufacturing of chocolate confections.

We are ready to upload a lot of inside financial documentation, m
any customer and employee emails and phones etc.
"
akira,Touchstone Home Products,2024-11-25 00:00:00.000000,US,Manufacturing,,,"Touchstone Home Products, Inc. is an industry leader in Electric 
Fireplace and TV Lift products for the home since 2005.

We are ready to upload more than 20 GB of internal corporate docu
ments including: employee and customer contact information, busin
ess licenses, insurance documents etc.
"
akira,Metal Finishing,2024-11-22 00:00:00.000000,US,Manufacturing,,,"Metal Finishing Company, Inc. was established in Wichita Kansas U
SA in 1940, the largest family-owned aerospace processing facilit
y in North America.

We are ready to upload more than 40 GB internal corporate documen
ts including: NDAs, license agreements, internal financial docume
nts, employee a"
akira,Plastic Recycling,2024-11-21 00:00:00.000000,FR,Manufacturing,,,"Plastic Recycling, Inc. offers: custom compounding, toll grinding
, pelletizing, material separation, materials refining and manufa
cturing finished products, along with various other technical ser
vices.

We are ready to upload more than 70 GB internal corporate documen
ts including: internal finan"
akira,Automation Tool & Die,2024-11-20 00:00:00.000000,US,Manufacturing,,,"Automation Tool & Die, Inc. offers exceptional product value by o
ffering one stop, concept to completion, metal forming solutions.

We are ready to upload more than 17 GB of internal corporate data
including employees contacts, confidential agreements, NDAs, emp
loyees email and phone numbers etc.
"
akira,Ascend Packaging Systems,2024-11-14 22:37:01.970820,US,Manufacturing,,,"Over 50 years ago, Ascend Packaging Systems was founded
on the mission to deliver packaging solutions that did
more than just function or work well. They provide the
equipment and tools companies needed to protect the in
tegrity of their products and boost the performance of 
their operations at the"
akira,E-Tank,2024-11-08 00:00:00.000000,US,Manufacturing,,,"E-Tank is a rental solution for the frac tank, roll-off box, and 
industrial pump equipment.

We are ready to upload more than 100 GB of private corporate docu
ments including: SSNs, driver licenses, passports, contact number
s and e-mail addresses of employees, family information, medical 
insuranc"
akira,Dumont Printing,2024-10-28 00:00:00.000000,US,Not Found,,,"Dumont Printing has been an industry leader for over seventy year
s manufacturing quality printed collateral. Dumont provides graph
ic design, printing, variable data, finishing and mailing service
s.

Employee and customer contacts, SSNs and driver licenses will be 
uploaded soon.
"
akira,Intercomp,2024-10-25 00:00:00.000000,MT,Manufacturing,,,"Intercomp are the world’s largest manufacturer of portable weighi
ng and measurement products, producing the highest quality produc
ts at competitive prices.

Inside corporate correspondence, customers and employees contacts
, internal corporate data will be available for downloading soon.
"
akira,CAUDURO SPORTS LTDA,2024-10-17 00:00:00.000000,BR,Not Found,,,"CAUDURO SPORTS main focus of activity is the manufactur
e of clothing items, except underwear and custom-made c
lothing

You will find a lot of customer contacts, employee cont
acts with phones and emails, internal financial documen
ts etc.

We have made the process of downloading company data as
si"
akira,Riley Gear Corporation,2024-10-04 18:00:58.279936,US,Manufacturing,,,"Riley Gear Corporation, based in St. Augustine, Florida, can exec
ute to the highest gear precision standards set by the American G
ear Manufacturers Association. 

We are ready to upload more than 20 GB of data among which you wi
ll find NDAs and much information about their employees with SSNs
and"
akira,Cascade Columbia Distribution,2024-10-01 17:34:44.365275,US,Manufacturing,,,"Cascade Columbia Dist Co is a chemicals company based out in the 
United States. We are going to release the data soon. Accounting 
and financial data, detailed employees data, projects, contracts,
customer files.
"
akira,Rengo Packaging,2024-09-14 00:00:00.000000,JP,Manufacturing,,,"Rengo Packaging manufactures and distributes corrugated
packaging products.

You will find a lot of internal financial information, 
insurance documents, customer contacts, tax identificat
ion numbers, governments contacts etc.

We have made the process of downloading company data as
simple as possi"
akira,Vickers Engineering,2024-09-10 17:00:22.466273,US,Manufacturing,,,"Established in 1970, Vickers has evolved into a world class Preci
sion Machining company. 25Gb of data to be disclosed. SSNs, drive
r licenses and other employee data. Lots of NDAs, agreements, con
tracts. Accounting and financial files are also represented.
"
akira,Colwell Colour (colwellcolour.com),2024-09-06 00:00:00.000000,US,Manufacturing,,,"Colwell Colour is located in Kendallville, Indiana. Thi
s organization primarily operates in the Stationery bus
iness / industry within the Wholesale Trade - Nondurabl
e Goods sector.

We are ready to upload more than 6 GB of internal corpo
rate documents including: inside financial documents, c
ust"
akira,Imetame,2024-09-05 15:30:07.203003,BR,Manufacturing,,,"Imetame Group operates in different markets such as metalworking, ornamental rocks, port, energy and oil & gas. 20gb of data. Deta iled personal information of employees (scans), clients data, pro jects, contacts, financial files and more. "
akira,Bulbrite Industries,2024-08-25 00:00:00.000000,US,Manufacturing,,,"BULBRITE is a leading manufacturer and supplier of inno
vative, energy-efficient light source solutions renowne
d

You will find a lot of financial papers, employees pers
onal data, customers contacts etc.

We have made the process of downloading company data as
simple as possible for our users. All"
akira,Snelling Paper & Sanitation,2024-08-23 00:00:00.000000,US,Manufacturing,,,"Snelling Paper & Sanitation  provides high quality food
service packaging, janitorial/sanitation supplies and 
industrial packaging products. Our reputation has been 
built on prompt and efficient service and our unwaverin
g commitment to excellence for more than 100 years.

You will find a lot of e"
akira,Lucid Corp,2024-08-23 00:00:00.000000,US,Technology,,,"Lucid Corp LLC manufactures custom plastic solutions wi
th a focus on sustainable and traceable packaging.

You will find a lot of inside corporate correspondence,
internal financial documents and employees contacts.

We have made the process of downloading company data as
simple as possible for our"
akira,HOERBIGER Holding,2024-08-21 13:46:57.834492,CH,Manufacturing,,,"Hoerbiger Holding AG is a globally active group headquartered in  Zug, Switzerland. 50GB of files to be released soon. Employee per sonal information, clients and customers information, confidentia l agreements, contracts, NDAs, some medical files. Lots of accoun ting and financial data. "
akira,North Georgia Brick,2024-08-20 14:04:29.251169,US,Manufacturing,,,"North Georgia Brick offers a diverse selection of bricks, pavers, and stone veneer for residential and commercial projects. 10Gb o f data will be released soon. Employee documents, contracts and a greements, detailed accounting and finance information. "
akira,ShoreMaster,2024-08-05 00:00:00.000000,US,Manufacturing,,,"ShoreMaster is a customer-focused, market driven company manufact
uring quality products safely and efficiently. We got about 15Gb 
of data. We will release it soon. Confidential files, agreements,
employee files with personal data, lists with SSNs and many othe
r interesting files. 
"
akira,Peñoles,2024-08-01 13:39:51.040387,MX,Energy,,,"Peñoles is a mining group with integrated operations in smelting  and refining non-ferrous metals and the production of chemicals.  Over 30Gb of data will be released soon. Lots of employee persona l documents and certificates, contracts and agreements, detailed  financial data. "
akira,Macadam Europe,2024-07-30 16:04:14.192028,BE,Transportation/Logistics,,,"Macadam Europe is an independent expert in off-lease vehicle insp ections and remarketing support for leasing companies, fleet owne rs and automotive manufacturers. More than 50Gb of data will be a vailable. Lots of HR data, nondisclosures, agreements, a database with customers info, data of their i"
akira,SKC West,2024-07-24 19:45:31.312461,,Manufacturing,,,"SKC-West is the premier supplier for all Industrial Hygiene, Envi ronmental and Safety equipment on the West Coast. Employee data,  lots of agreements, confidential files, financial data. Everythin g will be available for downloading soon. "
akira,American Acryl,2024-07-24 14:36:51.599366,,Manufacturing,,,"American Acryl L.P. is a joint venture owned by Nippon Shokubai A merica Industries, Inc. (“NAII”) and Arkema Inc.  American Acryl  manufactures acrylic acid at its Bayport, Texas facility for the  benefit of its owners. They don't need their data so we are going to share the files with you. Custome"
akira,Electroalfa,2024-07-24 14:36:48.761462,RO,Manufacturing,,,"Electroalfa is a successful Romanian company, built by visionary  people who managed to innovate complex industrial products to hel p move society forward. 10GB of data will be released. Projects i nformation, clients, detailed personal employee information can b e found in the archives we are going"
akira,CALDAN Conveyor,2024-07-24 13:09:24.327169,DK,Manufacturing,,,"CALDAN Conveyor is a worldwide leading, Danish supplier of overhe ad conveyor and floor conveyor systems. All the dat awill be rele ased soon. Banking information, transactions details, agreements, clients and everything else. "
akira,Sigma,2024-07-11 16:33:42.292132,,Not Found,,,"SIGMA is a California based, leading manufacturer of luxury & bes poke custom faucets, shower systems & accessories. Projects infor mation, some employee data, payments details. Everything will be  uploaded soon. "
akira,Allied Industrial Group,2024-07-08 16:34:25.100498,,Manufacturing,,,"Allied Industrial Group is committed to providing world class pro ducts with service and support through the use of product knowled ge, product availability and application expertise to our ever ex panding customer base. 15GB of data will be provided. Confidentia l agreements, NDAs, employees person"
akira,Alimac,2024-07-03 16:38:02.508528,DE,Manufacturing,,,"Alimac is focused on packaging innovations and state-of-the art o f packaging machines. Alimac mainly deals with beverage packaging . 20GB of data will be released. Financial data, HR forms, projec t details and so on. "
akira,Power Lube Industrial,2024-06-28 17:20:59.632137,,Manufacturing,,,"Power Lube Industrial is a leading Tier-1 supplier of industrial  lubrication equipment solutions and a pioneer in the automatic lu brication business. All files we got from them will be available  here soon. Numerous financial data, bank details, transactions, p rojects, customer information, agree"
akira,Gallos Metal Solutions,2024-06-26 12:35:39.256120,,Manufacturing,,,"Gallos Metal Solutions Inc specializes in continuous mesh belt at mosphere heat treating. Employees personal files, NDAs, agreement s, financial data and other internal business files. "
akira,Beckett Thermal Solutions,2024-06-25 18:16:40.375465,,Manufacturing,,,"Beckett Thermal Solutions is a global pioneer of combustion techn ologies. 11 Gb of data. Lots of projects files, employees names,  addresses, emails and other HR information. "
akira,Agron (Five Ten) Adidas TERREX,2024-06-24 22:11:20.816076,,Business Services,,,"Five Ten or Agron is a German manufacturer of mountain biking, cl imbing, and trail hiking shoes. Originally an American brand foun ded in California in 1985 by Charles Cole, Five Ten became one of the top-selling climbing shoe manufacturers worldwide by October 2011. Adidas purchased the company in"
akira,Lindermayr,2024-06-19 14:48:11.798236,DE,Not Found,,,"Quality awareness, reliability and technical innovation have char acterized the Lindermayr company for more than 50 years. They ope rate in the independent business areas of building construction,  civil engineering, transportation, prefabrication, gravel works a nd haulage services guarantees you c"
akira,Duplo USA,2024-06-13 00:00:00.000000,US,Manufacturing,,,"Duplo USA Corporation is the leading provider of innova
tive print finishing solutions for the graphic arts ind
ustry. 

We have many personal information about customers and p
artners, internal financial papers, personal data etc.

We have made the process of downloading company data as
simple as p"
akira,Hager Group,2024-06-08 00:00:00.000000,CH,Manufacturing,,,"Hager Group is a leading supplier of solutions and serv
ices for electrical installations in residential, comme
rcial and industrial buildings.

Huge amount of internal corporate information with logi
ns and passwords, employees personal data etc.

We have made the process of downloading company dat"
akira,Reinhold Sign Service,2024-06-07 13:50:19.825697,US,Business Services,,,"Reinhold Sign Service is Green Bay’s go-to for vehicle graphics a nd commercial sign manufacturing, installation, and repair. The f iles will be uploaded soon. Financial and accounting data, drawin gs, some info of clients and so on. "
akira,E-T-A,2024-06-05 19:11:56.158475,,Manufacturing,,,"E-T-A is the world market leader for circuit breakers for equipme nt protection and circuit protectors. 24GB of data containing per sonal information of employees, clients information, NDAs, financ ial and accounting data. We will upload the files soon. "
akira,Faultless Brands,2024-05-30 17:14:57.786095,US,Business Services,,,"Faultless Brands is a manufacturing business, producing laundry,  household cleaning products, air care, and lawn and garden produc ts. A lot of HR files with employees personal data, customers inf ormation, accounting files, confidential agreements, medical info rmation and so on.  "
akira,Western Dovetail,2024-05-29 17:43:56.199698,US,Manufacturing,,,"Western Dovetail is committed to maintaining tradition in the mod ern industry. Architects, designers and craftsmen recognize dovet ail drawers as the hallmark of excellence in casework. A few GB o f their data will be available here. Employee info (address, emai l, phone, relatives contacts...), ta"
akira,Ocean Park Mechanical,2024-05-27 00:00:00.000000,CA,Business Services,,,"Ocean Park Mechanical excel in diverse projects, from s
mall multifamily to large high-rise sites, with experti
se in engineering, design-build, 3D design, sheet metal
, HVAC, refrigeration, and controls.

A lot of  corporate information and financial documents
can be found, as well as personal data"
akira,Bruno generators (Italian manufacturing),2024-05-14 20:48:02.849352,IT,Manufacturing,,,"Bruno's line of products includes compact, reliable and ultra-sil ent generating sets. We have made in Italy production. 40GB of da ta will be released. Clients information, financial documents, pr ojects information etc. "
akira,Reading Electric,2024-05-10 12:10:16.171722,US,Manufacturing,,,"Reading Electric is a leading supplier of electro-mechanical equipment, services, and problem solver for Industrial and Commercialcustomers. 82Gb of data will be available for downloading. You will find employees personal documents, confidential agreements, contracts inside and financial data inside"
akira,"Serfilco, RP Adams, Baron Blakeslee, Pacer, Service Filtration of Canada, Polymar.",2024-04-17 17:49:32.000295,CA,Manufacturing,,,"Recently we've obtained data of a group of industrial manufacturers and here they are: Serfilco, RP Adams, Baron Blakeslee, Pacer,Service Filtration of Canada, Polymar. Accounting and financial data, agreements, contracts, employees and partners personal dataand other business internal data."
akira,Wright Brothers Construction,2024-04-16 17:48:08.624504,US,Business Services,,,"Wright Brothers Construction services include grading, site development, highway and bridge construction, landfill construction, asphalt production and paving, aggregate processing, commercial concrete services, and industrial maintenance services. As this company doesn't care about the data we've t"
akira,Medequip Assistive Technology,2024-04-16 17:48:03.546650,GB,Healthcare,,,"Medequip Assistive Technology is the leading provider of servicesand equipment to local authorities and the NHS across the UK in delivering a wide range of equipment and support to people in their own homes. 50GB of data will be available soon. You find personal information (NINOs, birth certificate"
akira,PGF Technology Group,2024-04-08 16:53:49.577618,US,Manufacturing,,,"PGF Technology Group is a contract manufacturer for printed circuit boards, cables and wire harness assemblies. We share their files soon as the company doesn't care about the data. Employees SSNs, financial data, lots of NDAs, projects information much more."
akira,Control Technology,2024-03-29 18:00:09.491529,US,Technology,,,"Control Technology Inc designs and manufactures advanced control,communications, and input & output products for industrial process automation. Numerous agreements, licenses and other internal business info. We'll share the files approximately next week."
akira,Lakes Precision,2024-03-28 17:46:05.452608,US,Manufacturing,,,"Lakes Precision provides a wide variety of value added services and programs to assist our customers. Lot's of financial data, NDAs, employee information. We'll provide access to their data soon."
akira,Mermet,2024-03-27 17:50:13.588107,US,Manufacturing,,,Mermet has been dedicated to producing quality fabrics that meet and exceed customer's expectations. About 30GB of data will be available soon. You will find there confidential HR files with personal information and other interesting on the company.
akira,Tanis Brush,2024-03-26 16:18:26.246678,US,Manufacturing,,,"Regal Manufacturing was established in 1934. Quality brushes and brooms with personalized service for our customers is the foundation upon which Regal Manufacturing Company was built, and that quality and service continues today. You will be able to see how itworks from the inside when we upload the"
akira,SKS Bottle &Packaging,2024-03-24 00:00:00.000000,US,Manufacturing,,,"SKS Bottle and Packaging was founded in 1986 and suppli
es a wide variety of glass, plastic and metal container
s, as well as caps and closures, to small businesses an
d large companies. About 30 GB of their corporate data 
are available for downloading now. 

We have made the process of downloading"
akira,Steiner (Austrian furniture makers),2024-03-06 13:12:40.645624,AT,Manufacturing,,,"Individual pieces of furniture combining creativity, aesthetics and function are the company's hallmark. About 20Gb of their data will be available for downloading soon. HR documents, contracts, clients info and projects can be found inside."
akira,Asam,2024-02-15 18:00:01.343573,RO,Not Found,,,"A reliable partner on the market of spare parts and industrial equipment, ASAM Iasi was founded in 1924 as a Maintenance Workshop.Financial data, information of clients and customers, documents with personal information of employees, HR and other business docs will be available soon."
akira,Sanok Rubber CompanySpólka Akcyjna,2024-02-13 10:04:22.169484,PL,Manufacturing,,,"Sanok Rubber Company SA is a European manufacturer in the production of rubber, rubber-metal products and combinations of rubber with other materials. Almost 600GB of their files will be available soon. You can find personal documents, accounting information, many confidential files, information abo"
akira,AVer Information,2024-02-06 17:33:51.090783,TW,Technology,,,"AVer Information is an education, business communication, and wireless presentation technology manufacturer. we are going to upload about 40Gb of their files. There are some HR files with personal information, numerous signed NDAs, confidential agreements, projects information, legal files and so on"
akira,Safe Plating,2024-01-29 15:16:59.855609,US,Manufacturing,,,"Leading Precious and Non-Precious metal plating in Southern California with 8 reel to reel lines as well as a rack and barrel lines. Their files will be available for downloading soon. Many project files, nda and other business docs."
akira,Dirig Sheet Metal,2024-01-24 14:21:58.638716,US,Manufacturing,,,"Dirig Sheet Metal provides comprehensive services for industrial customers, from customized evaluations and recommendations to thefull range of resources required to complete industrial projects. 65GB of data will be available for downloading. You can find detailed information of projects with drawi"
akira,Cryopak,2024-01-23 22:22:47.667377,US,Manufacturing,,,"Cryopak, a subsidiary of Integreon Global (formerly known as TCP Reliable), is a cold chain solutions provider for the pharmaceutical, life sciences, biotech, and food industries. We are preparing a few archives with their data for uploading. You can expect itsoon. There will be a lot of passports, "
akira,DENHAM the Jeanmaker,2024-01-17 16:21:02.941593,NL,Business Services,,,"The company manufactures and sells men and womens, outerwear, tops, bottoms and accessories. In the 100Gb data archive we are going to upload you will find HR files with personal documents, client information, some confidential files, finance and accounting information."
akira,Bestway Sales,2024-01-16 14:40:02.493637,US,Business Services,,,"Bestway Sales a leading manufacturer and marketer of agriculturalsprayers, recently announced the introduction of a line of UTV Skid Mounted Sprayers that are designed for rugged use by farmers,ranchers and commercial spraying operations. Operational data, customer information and other files will b"
akira,Premium Guard,2024-01-16 13:10:21.180694,US,Transportation/Logistics,,,"Premium Guard Inc. (PGI) specializes in designing, manufacturing,and distributing products for automotive, diesel, powersport, and specialty filter markets. 40GB of files with clients and customers data, financial files, projects, orders, contracts will be available for downloading soon."
akira,Vincentz Network,2024-01-11 16:16:46.795795,DE,Business Services,,,"Vincentz Network is in partnership with different industries in the national and international markets. These include geriatric care, the paint industry, the automotive industry, furniture production, painting technology, technical dealers and ambitious woodworkers. We have 70GB of data that will be"
akira,Viridi,2024-01-09 17:37:49.448632,US,Energy,,,"Viridi Parente designs and builds fail-safe battery systems for industrial, medical, commercial, municipal, and residential building applications. 70 GB of data contain lots of files with accounting, payment, projects information. There are also many nondisclosure documents, NDA and personal documen"
akira,Ito Pallpack Gruppen,2024-01-09 17:37:47.551714,NO,Manufacturing,,,"Ito Pallpack Gruppen is a business that has delivered industrial solutions for six decades. With our own production department, they have unique opportunities for testing and pre-installation of the deliveries. 30 GB of files will be uploaded soon. Finance, project, contracts and personal informatio"
akira,Heller Industries,2024-01-08 16:10:28.644908,US,Manufacturing,,,"Heller Industries, Inc. provides reflow technology solutions. TheCompany offers curing systems, semi conductors, and reflow equipment for electronic manufacturers and assemblers. Almost 300gb ofdata will be available soon. There are numerous NDAs with names of widely known corporations, personal doc"
akira,SmartWave Technologies,2023-12-12 17:28:14.222207,,,,,"SmartWave Technologies is a vertically integrated team of engineers, scientists and technicians that provide design-through-manufacturing capability. These guys don't care about their 65 GB of data containing confidential personal information, lots of HR docs,even medical information. Clients, proje"
akira,Bauwerk Boen Group,2023-11-30 20:32:02.872085,,,,,"Bauwerk Boen Group is, according to the assessment of the BauwerkBoen management, Europe's leading developer, manufacturer and supplier of parquet flooring in the premium segment as well as the second-largest market participant in wood flooring. 40Gb of theirdata will be available here soon for down"
akira,"Lydall, Inc.",2023-11-29 16:00:48.696952,,,,,"Lydall is a New York Stock Exchange listed company, headquarteredin Manchester, Connecticut with global manufacturing operations producing specialty engineered products for the thermal/acoustical and filtration/separation markets. We are going to upload a good amount of their projects files with dra"
akira,Alspec,2023-11-22 17:37:43.901826,,,,,Alspec offers is a versatile Servery window that is easy to fabricate and install. Almost 20Gb of Alspec's data will be uploaded here as there is no interest in it from them.
akira,"Custom Engineering &Fabrication, Inc.",2023-11-22 17:37:42.364049,,,,,"Custom Engineering & Fabrication is a leading provider of manufacturing solutions to a wide variety of industries, including asphalt, scrap recycling, steel, glass, foam, exterior doors, wood, mineral wool, and paper. These tricky guys lost about 700Gb of their data and don't want it back. Many busi"
akira,ATC SA,2023-11-17 15:59:50.843227,,,,,"ATC is an international software company. For more than 25 years,the company provides innovative solutions for the Central Government, Media, Banking, Distribution, Manufacturing and Services. Their corporate data will be available soon."
akira,SALUS Controls,2023-11-09 16:00:28.193096,,,,,"SALUS Controls is a company that operates in the Industrial Automation industry. 40 GB of data will be available here soon. Personal documents, operational information, contracts, agreements... There is much to look at."
akira,BioPower SustainableEnergy Corporation,2023-11-07 16:01:39.541786,,,,,"BioPower Sustainable Energy Corporation is a Canadian manufacturer of commercial and residential grade wood pellets. You will be able to download their data here soon. Lots of operation documents, internal correspondence, employee information, vendors and companies data. Everything is about 20GB."
akira,BITZER,2023-11-07 14:22:17.203691,,,,,"BITZER manufactures reciprocating compressors, screw compressors,scroll compressors, condensing units, heat exchangers and pressure vessels. We are going to upload 40GB of data. Contacts, agreements and other interested docs of a big manufacturer are coming soon. "
akira,Protector Fire Services,2023-10-20 13:03:24.316866,AU,,,,"PROTECTOR FIRE SERVICES PTY LTD is a Western Australian owned andmanaged company, with a team of trained specialist personnel fully committed to the fire and safety requirements of the commercial & industrial sectors. We saw no interest from them in the incident, so the data will be available for ev"
akira,Bergeron LLC,2023-10-15 00:00:00.000000,US,Not Found,,,"Bergeron is an automotive company. It sells new and use
d cars, van, truck, SUVs, sedan, coupe, and other vehic
les of CHRYSLER, JEEP, RAM brands. The company also off
ers repair and maintenance services. 325 GB of data is 
available for downloading now.

We have made the process of downloading comp"
akira,Gruskin Group,2023-10-04 17:16:24.721578,,,,,"Gruskin Group is an integrated design firm that builds unified brand experiences through architecture, brand development, visual communications, web/interactive, industrial design, interior design, strategic consulting, and sustainable design. They've lost 37 Gb of data and we wanted help them but t"
akira,American Steel & Aluminum,2023-09-14 17:33:59.905039,,,,,"American Steel & Aluminum Co., Inc. was founded in 1967 with 3 employees, a small fabrication shop, and some big dreams for the future. Today they have 70 employees and 70Gb of data that will be uploaded here. There is much project information and financial docs. Employee information is also will be"
akira,Accuride,2023-09-12 23:29:45.398123,IN,,,,"Accuride, founded in 1986 and headquartered in Evansville, Indiana, manufactures and supplies vehicle components. Almost terabyte of files will be available for you. Of course there will be many interesting ones. For instance, engineering drawings and photo for TESLA, Mirelli and other sound names. "
akira,New York & Company,2023-08-31 17:36:05.256355,,,,,"New York & Company is a leading specialty manufacturer and retailer of women's fashion apparel and accessories providing women with modern, wear to work solutions that are multi-functional at affordable prices. The company's website has a list of its best deals, with more to be added soon. But I wou"
akira,O'Brien Steel Service,2023-08-30 17:31:56.268905,,,,,"O’Brien Steel Service is stocked and equipped to service customers of all sizes, ranging from small job shops to the largest OEMs in the USA. More than 70 GB of data will be published soon, including:- Financial documents and reports for 22-23 years;- HR;- Projects;- Employment contracts and documen"
akira,"Pemberton Fabricators, Inc (Sexual Harassment videos inside)",2023-08-15 00:00:00.000000,US,Manufacturing,,,"Pemberton Fabricators, Inc. fabricates light and heavy 
steel equipment, products, and parts. The Company offer
s custom control panels such as nuclear energy manageme
nt, materials handling, furnace and combustion control,
data acquisition, food processing, factory automation,
air handling, and was"
akira,Papel Prensa SA,2023-08-07 12:05:46.668963,AR,,,,"Papel Prensa SA is an Argentina-based company engaged in the manufacture of newsprint paper. Confidential contracts, agreements, personal employee information and other business docs. About 120GB. Please wait for the release."
akira,Burmeister &Wain Scandinavian Contractor,2023-07-30 00:00:00.000000,JP,Energy,,,"Burmeister & Wain Scandinavian Contractor designs, buil
ds, operates, and maintains diesel engine-based power p
lants for both independent power producers and power-ge
nerating industrial corporations around the world. BWSC
is a subsidiary of Japan-based Mitsui E&S Group. Now y
ou can download and e"
akira,Charles & Colvard Ltd.,2023-07-24 01:02:03.456789,,,,,"Charles & Colvard, manufactures, markets, and distributes moissanite jewels and finished jewelry featuring moissanite worldwide. We are going to distribute all the date we have from them. Their brilliants will be available for downloading here in our blog soon."
akira,"Schmidt Salzman & Moran, Ltd",2023-07-12 01:02:03.456789,,,,,"With 35 years of practice in real estate taxation, Schmidt Salzman & Moran, Ltd. aggressively pursues the lowest possible real estate taxes for its clients’ commercial, industrial and multi-unit residential properties. This company has not given us even the lowest price for their customers' personal"
akira,A123 Systems,2023-07-11 01:02:03.456789,,,,,"A123 Systems, Inc. (Nasdaq:AONE) develops and manufactures advanced lithium ion batteries and battery systems for the transportation, electric grid services and commercial markets. We have more than 350GB of data from this company and will upload everything soon. You will find tons of confidential b"
akira,Murphy,2023-07-05 01:02:03.456789,,,,,"Murphy is a family owned and operated business that manufactures and supplies a variety of engineered wood products such as softwood plywood, veneered hardwoods and panels. We did some work on their network and will show you what we got from there. Several dozen gigabytes of personal information, pr"
akira,Stoughton Trailers,2023-06-28 01:02:03.456789,,,,,"Stoughton Trailers is a supplier of semi-truck trailers. This company designs, manufactures and markets a wide range of dependablesemi-truck trailers. We've gone through their not very dependable network and will show you what they hold inside their trailers.All corporate papers including personal w"
akira,Yokohama-oht (atgtire),2023-06-21 01:02:03.456789,,,,,Yokohama Off-Highway Tires America Inc is a company that operatesin the Automotive industry. A well-known name in tire business is going to share it's secrets in our blog. The data we took from them is of 1.3TB size will be available for you soon.
akira,Habasit,2023-06-21 01:02:03.456789,,,,,"Habasit is a manufacturer of timing and conveyor belts, includingfabric-based belts, plastic modular belts, and power transmission belts. They service the food, textile, wood, paper, postal, materials handling. Soon they will serve any interested individual in our blog conveying their corporate data"
akira,Ellis Patents,2023-06-09 01:02:03.456789,GB,Manufacturing,,,"Ellis Patents is a cable cleat manufacturer.  As a centre of excellence, the company designs complete cable cleat installations tailored to the project specific needs of customers, and deliver expertly engineered solutions every time. Unfortunately, the company representatives haven't shown a willin"
akira,ACI Advanced Chemical Industries,2023-06-09 01:02:03.456789,BD,,,,"Advanced Chemical Industries, more commonly marketed and known asACI is a Bangladeshi pharmaceuticals and conglomorate company founded in 1973. The firm is headquartered in the thana of Tejgaon I/A, in Dhaka. ACI is one of the leading firms in the pharmaceuticals and chemical industry of Bangladesh."
akira,Malt Products,2023-06-05 01:02:03.456789,,,,,"Founded in 1957, Malt Products Corporation is a family-owned business that produces and provides minimally processed, nutritious sweeteners for leading food and beverage manufacturers. We hold their accounting, financial and operational documentation, lots of passports, driver licenses and other per"
akira,Gregory Poole Equipment Company,2023-05-11 01:02:03.456789,,,,,"Gregory Poole Company was simple. This company as the executive CAT construction equipment dealer offers you access to it's data full of contracts, payment details, clients' information and projects of a variety of big names in the business. "
akira,Sun Windows,2023-05-10 01:02:03.456789,,,,,Sun Windows is a manufacturer of windows and doors for the residential housing and light-commercial building industry. We've opened the doors of this company and had a fascinating trip through their network. We could share the details of the trip with everyoneinterested or help to arrange one.
akira,mk Technology Group,2023-05-10 00:00:00.000000,DE,Technology,,,"The mk Technology Group is one of the leading suppliers
of profile and conveyor technology. Using their own al
uminium profile system as a common base technology, mk 
provides a comprehensive modular system for factory aut
omation. We have lots of their internal files - feel fr
ee to check!

We have"
akira,The McGregor,2023-05-03 01:02:03.456789,,,,,"The McGregor company specializes in supplying equipment, and consultation to ensure crops are for growers. This McGregor was unable to an attack and lost 362GB of data. The content the has supplied us will be available here soon. McGregor falls sometimes. "
akira,"Pak-Rite, Ltd.",2023-04-26 01:02:03.456789,,,,,"Pak-Rite, Ltd. designs and fabricates custom plastic, and corrugated components. They can these components individually or integrate them our creative package designs. We'd like to that Pak-Rite company is going to provide their corporate and personal information to everyone is interested in it. We "
akira,ibp.com,2023-04-21 07:59:00.000000,US,Manufacturing,,,Extract from Taking stock of 2024 Part 1
akira,Alliance Sports Group (THE PIONEER OF BLOG),2023-04-21 01:02:03.456789,,,,,"Alliance Sports Group is a designer, manufacturer distributor of innovative, high-quality products consumers love. We congratulate them - they have the pioneer of our blog! We're prepared to show their accounting, finance, legal, insurance, HR, operations and so on and so on - you will see the data "
akira,Cate Equipment,2023-04-12 00:00:00.000000,US,Business Services,,,"Cate Equipment Company has been serving the constructio
n, mining & industrial industries throughout the Interm
ountain area since 1938 from our locations in Utah & Id
aho.

You will find a lot of customers contacts with phones a
nd addresses, internal financial documents, inside corp
orate correspo"
incransom,rheem,2026-04-20 20:00:00.000000,US,Manufacturing,,,"Rheem Manufacturing Company   1100 Abernathy Road, Suite 1700 Atlanta, GA 30328, United States www.rheem.com  is a well-established manufacturer specializing in heating, cooling, and water heating products. Founded in 1925, the company has its headquarters in Atlanta, Georgia, and has grown to"
incransom,alupco.com,2026-04-17 09:18:00.000000,SA,Manufacturing,,,"ALUPCO is the Middle East's largest aluminium extruder, established in 1975, offering a diverse range of high-quality extruded profiles and comprehensive building solutions. The company specializes in project management, architectural solutions, and modular buildings, catering to clients across vari"
incransom,BERGE-BAU GmbH & Co. KG,2026-04-03 10:00:00.000000,DE,Construction,,,"Berge-Bau is a German family-run construction firm operating since 1875, specializing in structural engineering, civil engineering, pipeline construction, and turnkey projects. Celebrating its 150th anniversary, the company serves industrial and residential clients from its Erndtebrück headquarters "
incransom,martek co ltd.,2026-04-01 11:01:00.000000,TW,Manufacturing,,,https://www.martek.com.tw/en 700gb NDA 
incransom,millersteelelaw.com,2026-03-30 09:00:00.000000,US,Not Found,,,"At Miller & Steele Law Firm, we believe in protecting and fighting for those who have been affected by the negligence of others. David Miller started this firm in 1978 to fight for those who could not fight their own battle. When he was a young man, he saw a family member involved in a lawsuit who w"
incransom,"Conveyors, Inc.",2026-03-30 00:00:00.000000,US,Manufacturing,,,"Conveyors, Inc. is a family-owned manufacturer of bulk material handling equipment, established in 1974, with over 40 years of experience in the industry. The company offers a wide range of products including screw conveyors, bucket elevators, and drag conveyors, designed to efficiently handle bulk "
incransom,glenmarkpharma.com,2026-03-25 15:00:00.000000,IN,Healthcare,,,"Glenmark Pharmaceuticals, founded in 1977 and headquartered in Mumbai, India, is a global pharmaceutical company that develops, manufactures, and markets pharmaceutical products. The company operates in over 25 countries across North America, South America, Europe, Asia, Africa, and the Middle East,"
incransom,pulpdent.com,2026-03-25 11:54:00.000000,US,Healthcare,,,"PULPDENT® Corporation is a family-owned dental research, manufacturing company and leader in bioactive and biomimetic dental materials. ACTIVA BioACTIVE, developed by Pulpdent, is a bioactive restorative material that behaves much like natural teeth and helps stimulate the formation of apatite, chem"
incransom,Kiswire,2026-03-23 21:30:00.000000,KR,Manufacturing,,,"Kiswire Ltd. 37 Gurak-ro 141beon-gil Suyeong-gu Busan, 48212 South Korea www.kiswire.com   is a prominent player in the specialty steel wire industry, headquartered in Busan, South Korea. Founded in 1945, the company has established itself as a global leader, manufacturing a wide range of ste"
incransom,JDV Products,2026-03-23 01:00:00.000000,US,Not Found,,,"JDV Products, Inc. specializes in providing a wide range of tools and equipment for wire wrapping, including wire wrap guns, wrap tools, and wire handling solutions. The company also features a selection of gas-powered tools and fiber optic tools, ensuring comprehensive support for electrical proje"
incransom,csi-ri.com,2026-03-10 15:35:00.000000,US,Not Found,,,"Contractors Supply stocks and distributes only top quality products and materials that conform to the latest DOT, ASTM, and Federal Specifications. In addition, the company only partner with manufacturers and representatives who stand behind their products and prove to be invaluable resources in pro"
incransom,LHT Holdings Limited,2026-03-10 12:00:00.000000,SG,Manufacturing,,,"LHT Holdings is a leading manufacturer of wooden pallets and crates based in Singapore, established in 1977. The company specializes in environmentally friendly packaging solutions, offering a comprehensive range of products including pest-free IPPC pallets, plastic pallets, and technical wood. LHT "
incransom,Estra Automotive,2026-03-10 00:00:00.000000,PL,Manufacturing,,,"Estra Automotive is an international automotive supplier that develops and manufactures thermal management components and systems for vehicles. The company focuses on products such as HVAC systems, heat exchangers, and engine cooling solutions used by global automotive manufacturers to maintain opti"
incransom,piglerautomation.com,2026-03-04 23:59:00.000000,US,Technology,,,"Pigler Automation specializes in Industrial Automation System Integration, helping clients streamline and modernize their operations to enhance efficiency and productivity. Their services include control system consultation, project planning, and support for various industries such as biopharma, oil"
incransom,cwpa.com,2026-03-04 11:00:00.000000,US,Not Found,,,"Office Products Retail & Distribution PO Box 11309, Spring, Texas, 77391, United States Phone Number (281) 251-9814 Website www.cwpa.com Revenue <$5 Million  CWPA is a provider of office equipment and furniture, specializing in customized solutions to improve office efficiency for businesse"
incransom,saturnmachine.net,2026-03-04 09:29:00.000000,US,Manufacturing,,,"Saturn Machine is a leading designer and manufacturer of equipment for major steel companies in North America, specializing in steel fabrication, machining, laser processing, and sandblasting. The company prides itself on delivering high-quality products and problem-solving solutions, supported by a"
incransom,lke-group.com,2026-03-01 11:56:00.000000,DE,Not Found,,,"LKE Group creates custom transport equipment for businesses across different industries. They design and build specialized gear that helps companies move materials, products, and goods more efficiently. From warehouse systems to industrial transport devices, LKE makes machines that solve real moving"
incransom,abramssales.com,2026-03-01 11:46:00.000000,US,Not Found,,,"Founded in 2001, Abrams Architectural Products, Inc. is a leading distributor, fabricator, and installer of architectural metals, particularly aluminum composite material cladding systems. They collaborate with architects and general contractors to ensure their visions are realized through quality p"
incransom,http://ramet-trom.co.il/,2026-02-28 11:11:00.000000,IL,Manufacturing,,,"1 terabyte of data, blueprints, contracts and much more, not recognized by the israeli ministry of defense as a terrorist organization."
incransom,primepak.com,2026-02-23 06:06:00.000000,US,Not Found,,,"Primepak is your worldwide specialist in packaging. As a leading manufacturer, importer and distributor since 1972, we provide a wide range of solutions for every application in packaging, plastic bags, poly sheets, tubing and films. Employees: 200  Revenue: $54.3 Million Industry: Manufacturing "
incransom,Valgo SA,2026-02-19 00:00:00.000000,FR,Not Found,,,"VALGO SAS 72 Rue Aristide Briand, 76650 Petit-Couronne, France valgo.com  VALGO is a French company that specializes in environmental services, particularly in the areas of asbestos removal, soil decontamination, and the revitalization of polluted industrial sites. Established in 2004, VALGO ha"
incransom,farbank.com (flywatertravel),2026-02-17 03:00:00.000000,US,Hospitality and Tourism,,,"Far Bank Enterprises is an integrated manufacturer and distributor of fly fishing products and services, including fly fishing rods, reels, waders, lines, leaders, tippet, performance outdoor apparel, and travel to the world's finest fly fishing experiences. Far Bank subsidiaries operate under the b"
incransom,lohmann-tapes.com,2026-02-12 13:30:00.000000,DE,Manufacturing,,,"For diverse industry needs, Lohmann is your reliable partner in smart bonding solutions. From industrial adhesive tapes to integrated smart products, from individual manufacturing components to comprehensive process integration - everything is provided from a single source. Employees: 5000 Revenue"
incransom,tuftco,2026-02-09 19:00:00.000000,US,Manufacturing,,,"Tuftco is a world-leading manufacturer of tufting machines and equipment, providing comprehensive solutions for carpet mills from tufting to finished carpet Laek: 100GB  WE HAS COLLECTED SUCH DATA AS:  - Confidential documents  - Clients Data  - NDA  - Financial data  - Operations  - Corpora"
incransom,H-Behbehani Brothers WLL,2026-02-02 01:00:00.000000,BH,Not Found,,,"Behbehani Motors Company, established in 1957, represents iconic automotive brands such as Volkswagen and Porsche in Kuwait. The company offers a range of services including car sales, a bodyshop, and a car rental division. This was the first Porsche dealership in the Middle East and only the 9th "
incransom,Foamtec International,2026-02-01 00:00:00.000000,US,Manufacturing,,,"Foamtec International is a global PU foam Manufacturing partner. We deliver quality, specialty foam products for contamination control, medical and specialty markets"
incransom,ttmet.co.th,2026-01-27 14:57:00.000000,TH,Manufacturing,,," The company specializes in the import and export of machinery and spare parts used in the production and quality control for automotive manufacturing. They offer both wholesale and retail sales domestically and internationally, along with installation services, equipment inspections, and maintenan"
incransom,tob-bmw.sk,2026-01-23 00:00:00.000000,SK,Manufacturing,,,"Some data from 590 gigabytes  T.O.B. is an authorized BMW dealer located in Trenčín, Slovakia, offering a wide range of new and certified pre-owned BMW vehicles."
incransom,https://trustarholdingsllc.com/ https://vistlabs.com/,2026-01-14 11:11:00.000000,US,Not Found,,,"All company data, development drawings, confidential files, investor company files, all financial transactions, equipment, violations, 1.4 TB"
incransom,Ju Teng International Holdings Ltd,2026-01-13 01:00:00.000000,HK,Manufacturing,,,"Ju Teng International Holdings Ltd  Total data in the leak: 200GB  Leaked data: - Clients: Dell, Acer, HTC, HP, Panasonic, Siemens, Nintendo, Mercedes-Benz, BMW, Scania, Ford, Geely, Continental, other large clients all over the world! - Data Classification: confidential - Projects: DELL JPP"
incransom,Fit-Line Global,2026-01-13 00:00:00.000000,US,Technology,,,"Fit-Line Global® is a trusted supplier, designer, research and development resource for SEMI-F57-0301 compliant PFA and PVDF components. They employ efficient manufacturing processes to create products that meet the most demanding applications. Fit-Line Global has been a trusted supplier to the semi"
incransom,CompactInd,2026-01-10 03:00:00.000000,US,Not Found,,,"Compact Industries, Inc. is a leading contract manufacturer specializing in dry food products, particularly powdered food items and sugar-based drink mixes. Established in 1963, the company offers custom blending and contract packaging services, catering to a diverse range of clients.  Laek: 100GB "
incransom,https://bellowsmfg.com/company/,2026-01-05 11:11:00.000000,US,Manufacturing,,,1.3tb  
incransom,Automation One Business Systems Inc,2026-01-03 00:00:00.000000,CA,Technology,,,"Automation One Business Systems Inc is a leading provider of office equipment solutions in Vancouver, specializing in a wide range of printing products including multifunction printers, document scanners, and mailing machines. The company is dedicated to delivering exceptional customer service and h"
incransom,https://www.precisioncoating.com/,2026-01-01 11:01:00.000000,US,Manufacturing,,,"All their developments, technologies, patents, data from other companies, please pay attention to the company that bought these technologies for 150 million, everything important was stolen - photo and video components   Founded in 1969, Precision Coating provides high-tolerance coating and speci"
incransom,"OSI Systems, Inc.",2025-12-30 00:00:00.000000,US,Technology,,,"OSI Systems, Inc.  Total data in the leak: 250GB  Leaked data: - Clients: US Government, US Secret Service, IDSS, GLOBAL AEROSPACE INC, Governments of many countries, Casco Automotive Singapore Pte Ltd, Medtronic, Opengear Inc,  Sick Sdn Bhd, ST JOSEPH HOSPITAL, SSM HEALTH CARE CORPORATION, UP"
incransom,klingele,2025-12-28 01:00:00.000000,DE,Manufacturing,,,"Klingele Paper & Packaging Website: www.klingele.com  WE HAS COLLECTED SUCH DATA AS:   - Confidential documents - Clients Data - NDA - Financial data - Operations - Corporate data - Business Agreements - Technology  - Total: 450GB    And a lot of other VERY IMPORTANT information!"
incransom,Evercover,2025-12-21 10:00:00.000000,HU,Not Found,,,"Evercover Helmet Cover is a family business founded in 2013 with the vision to manufacture outstanding quality helmet covers at a reasonable price. Now, a couple of years later, we already manufacture helmet covers for customers from over 70 countries all around the world."
incransom,Talarico,2025-12-21 10:00:00.000000,IT,Not Found,,,"Talarico SRL has 30 years of experience in thermohydraulics and technological systems. The company boasts a well-stocked retail sales counter and has completed large industrial installations. Its extensive showroom features the best brands for home bathroom furnishings, with specialized consultants "
incransom,Pacific Rim Mechanical,2025-12-18 12:00:00.000000,US,Construction,,,"Pacific Rim Mechanical (PRM) is a Southern California-based mechanical contractor (HVAC, Plumbing, Energy Solutions) serving commercial, industrial, healthcare, and biotech sectors since 1987,  known for high-quality construction, maintenance, and repair services, focusing on integrity,  safety, "
incransom,steelworksinc.ca,2025-12-13 17:29:00.000000,CA,Manufacturing,,,"Steel Works Inc. specializes in structural steel fabrication and installation, providing precision-cut and custom-built steel components for industrial and commercial projects. They offer a range of services including overhead crane design and installation, specialized fabrication, and blast and pai"
incransom,beycelik,2025-12-13 12:00:00.000000,TR,Manufacturing,,,"Beyçelik Gestamp Otomotiv Sanayi A.Ş. is an international company that designs, develops, and produces metal parts for the automotive supply industry. They focus on creating innovative products to support safer and lighter automotive designs, thereby enhancing human safety, reducing energy consumpti"
incransom,YAZAKI Corp,2025-12-07 11:11:00.000000,JP,Manufacturing,,,"The Yazaki Group is a global company best known for being a leading supplier of automotive wire harnesses, but it also produces other products like environmental systems and instrumentation equipment. The company's focus is on providing quality products and services to its customers, with a global "
incransom,Foxconn Interconnect Technology Limited (FIT),2025-12-07 00:00:00.000000,TW,Technology,,,"Foxconn Interconnect Technology Limited (FIT) focuses on the development, manufacturing, and marketing of electronic and optoelectronic connectors, antennas, acoustic components, cables, and modules for applications in computers, communication equipment, consumer electronics, automobiles, industrial"
incransom,instyle.com.au,2025-12-03 01:10:00.000000,AU,Consumer Services,,,"INSTYLE is a leading supplier of design-driven, commercial-quality textiles and vinyls for interiors, including office, hospitality, healthcare, public building, transport, public space and high-end residential interiors. Established by Michael Fitzsimons in 1987, INSTYLE is well known today for its"
incransom,FIT,2025-11-26 00:00:00.000000,TW,Not Found,,,"Foxconn Interconnect Technology Limited (FIT) focuses on the development, manufacturing, and marketing of electronic and optoelectronic connectors, antennas, acoustic components, cables, and modules for applications in computers, communication equipment, consumer electronics, automobiles, industrial"
incransom,omegatoolcorp.com,2025-11-24 16:19:00.000000,CA,Manufacturing,,,"Omega Tool Corp. is a global leader in engineering, manufacturing, and production, specializing in advanced plastics tooling solutions for over 40 years. They provide services such as mold making, machining, validation, and production molding, focusing on precision and creative design. Their intende"
incransom,Woom GmbH,2025-11-21 11:11:00.000000,AT,Technology,,,"woom is an international manufacturer of bikes for children and teenagers with its headquarters in Klosterneuburg, outside of Vienna. The company was founded in 2013 by Christian Bezdeka and Marcus Ihlenfeld in a garage in Vienna. After a long and fruitless search for the perfect bike for their chil"
incransom,naffco.com,2025-11-19 01:00:00.000000,AE,Manufacturing,,,"NAFFCO is an international manufacturer and supplier of firefighting, security, and safety products. They also offer training services and emergency responder certification. The company is headquartered in Dubai, in the United Arab Emirates. With a global network spanning over 100 countries, NAFFC"
incransom,facadeinnovations.com.au,2025-11-13 00:48:00.000000,US,Construction,,,"Facade Innovations has been providing specialized facade solutions for new and existing commercial buildings across Sydney, Melbourne, and Canberra since 1997. Their extensive services include facade design documentation, manufacture and installation, overcladding, and resealing. The company has a s"
incransom,wafergrind.com,2025-11-13 00:19:00.000000,US,Technology,,,"Grinding & Dicing Services Inc (GDSI) provides wafer thinning and dicing services to the IC industry for critical post-fabrication process requirements. GDSI is headquartered in San Jose, California. Employees: 50 Revenue: $5 Million Industry: Manufacturing-Electronics  Phone Number: (408) 451-2"
incransom,www.integer.net,2025-11-10 11:01:00.000000,US,Technology,,,"Integer® Holdings Corporation (NYSE:ITGR) is one of the largest medical device outsource (MDO) manufacturers in the world serving the cardiac, neuromodulation, vascular and portable medical markets. The company provides innovative, high-quality technologies and manufacturing to Medical Device OEMs t"
incransom,elektroanlagen,2025-11-06 12:00:00.000000,AT,Manufacturing,,,"We have data from Piaty Müller-Mezin Schoeller Rechtsanwälte GmbH, payment and tax records, employee and client documents, as well as projects and developments, and personal correspondence with clients."
incransom,The Union League of Philadelphia,2025-11-06 00:00:00.000000,US,Not Found,,,"Founded in 1862 as a patriotic society to support the Union and the policies of President Abraham Lincoln, The Union League of Philadelphia laid the philosophical foundation of other Union Leagues across a nation torn by civil war. The League has hosted U.S. presidents, heads of state, industrialist"
incransom,Vitalmex,2025-11-03 10:00:00.000000,MX,Healthcare,,,"Vitalmex is a Mexican company dedicated to providing personalized health solutions, along with medical logistics and technical services for medical equipment and instruments. Their mission is to improve patients' quality of life through differentiated and cost-effective solutions. They aim to establ"
incransom,auge.com,2025-10-25 01:00:00.000000,US,Not Found,,,"Industrias Auge S.A de C.V is a company that specializes in manufacturing and distribution of commercial and specialty alloy fasteners, including machined components. It offers alloy fasteners, machined components, anchoring systems, line pipe, boiler and heat exchanger tubing, casing tubing, plati"
incransom,Kumwell,2025-10-22 00:00:00.000000,TH,Manufacturing,,,"Kumwell deliver safety to society for life and property with a International Standard for Grounding System, Lightning Protection System, Surge Protection Lightning Detection and Warning System for safety and security in the infrastructure system in various countries such as Electricity sector (Elect"
incransom,eakas.com,2025-10-13 00:00:00.000000,US,Manufacturing,,,"Eakas Corp. specializes in producing both functional and decorative products for the automotive industry, serving as a Tier 1 supplier to manufacturers in the United States. They offer comprehensive services including engineering, injection molding, painting, chrome plating, assembly, and quality te"
incransom,NextGen Mold Technologies,2025-10-09 10:00:00.000000,CA,Manufacturing,,,"NextGen Mold Technologies specializes in the injection mold industry, providing services such as feasibility studies, design, mold maintenance, engineering changes, and new tooling. The company is committed to delivering quick and effective results while exceeding customer expectations. With signifi"
incransom,terex,2025-10-05 12:00:00.000000,CA,Manufacturing,,,Terex Environmental Group is a leading Canadian consulting firm providing environmental technical guidance and regulatory liaison. We develop environmental programs with purpose that are technically sound and specifically designed for the energy sector. Our approach to planning and execution of envi
incransom,Cobra Rolamentos e Autopeças,2025-10-05 12:00:00.000000,BR,Manufacturing,,,"Cobra Rolamentos e Autopeças é um distribuidor brasileiro de autopeças, motopeças e rolamentos, com forte atuação no mercado de reposição automotiva. Eles distribuem marcas reconhecidas no setor, possuem uma marca própria chamada Cobra Automotiva e operam com mais de 30 unidades de distribuição no B"
incransom,stalkerradar.com,2025-10-05 04:46:00.000000,US,Technology,,,"Applied Concepts, Inc., d.b.a. Stalker Radar, was founded as a small contract engineering and manufacturing firm in 1975. Since that time, we have grown to be the United States premier manufacturer of police radar and Lidar in the United States. More state police agencies use our speed enforcement e"
incransom,Climatron,2025-10-01 12:00:00.000000,ZA,Not Found,,,"HVAC equipment company. Bank payment data, taxes, and technical documentation"
incransom,icc-nw.net,2025-10-01 11:09:00.000000,US,Technology,,,"ICC NW specializes in manufacturing custom stainless steel tanks, mixers, and reactors tailored for the food processing, beverage, and pharmaceutical industries. Based in Canby, Oregon, the company boasts a state-of-the-art 50,000 square foot facility that is capable of producing tanks of substantia"
incransom,Cholakyan Chiropractic,2025-10-01 10:00:00.000000,US,Healthcare,,,"Here at Cholakyan Chiropractic we have built chiropractic offices, which are very well equipped with state of the art physiotherapy modalities, chiropractic tables, traction units, a high frequency Digital X-ray machine and rehab/therapeutic exercise equipment. In combination with a well trained sta"
incransom,CPK Interior,2025-09-22 00:00:00.000000,CA,Not Found,,,"Cpk Interior Products, founded in 2010 and headquartered in Ontario, Canada, is a manufacturer of interior automotive components and products. The company specializes in producing high-quality parts for vehicle interiors, serving the automotive manufacturing industry with B2B solutions."
incransom,https://www.cnh.com/,2025-09-16 18:57:00.000000,GB,Manufacturing,,,\cnhi.tech   2tb
incransom,Humax Holdings,2025-09-16 01:00:00.000000,KR,Technology,,,"We hacked Humax Holdings. https://holdings.humaxdigital.com/  Founded in 1989 as Humax Co., Ltd., the company changed its name to its current name in 2009 when it transitioned to a non-financial holding company.  Its subsidiaries include Humax Co., Ltd., a global manufacturer of broadcasting/tele"
incransom,transnova-ruf.de,2025-09-10 01:00:00.000000,DE,Manufacturing,,,"Transnova-Ruf GmbH from Ansbach develops and builds machines with around 300 employees for the automation of end-of-line packaging and palletizing processes. From the individual compact machine for top and side loading, to picker systems for fast pick & place applications, as well as robot systems "
incransom,Miesa,2025-09-09 00:00:00.000000,ES,Not Found,,,"Approximately 1.6 TB of data was downloaded.  Miesa Group is a COMPANY MADE UP OF 3 FIRMS: Miesa Group specialises in engineering, manufacturing, installation, start-up and maintenance services in the fields of industrial instrumentation, electricity and automation. Ever since it was established i"
incransom,stockmeier-urethanes.com,2025-09-04 00:00:00.000000,DE,Manufacturing,,,"STOCKMEIER Urethanes - the solutions we provide our customers are as varied as the possible requirements. As a specialized subsidiary within the STOCKMEIER Group, an organisation rich in tradition, we have been developing and producing polyurethane systems for a wide variety of applications since 19"
incransom,CANDhenterprises.com,2025-09-03 16:45:00.000000,US,Manufacturing,,,"C&H Enterprises is an ISO compliant custom fabrication Job shop, as well as an industry leader in precision machining. Our experienced and diversified management staff is available to assist you in the design and development of your project. As part of our valued engineering service, we will insure "
incransom,baronespecialtysteel.com,2025-09-02 00:00:00.000000,US,Manufacturing,,,Bar One Specialty Steel specializes in providing high-quality specialty steel products tailored for various industrial applications. Their product offerings include a wide range of steel grades and forms designed to meet specific client needs. The company primarily serves clients in the manufacturin
incransom,Bartek Ingredients,2025-09-01 00:00:00.000000,CA,Agriculture and Food Production,,,"Since 1969, Bartek Ingredients has grown from its entrepreneurial roots with a dynamic spirit and disciplined focus in the manufacturing and global sales of malic and fumaric acid."
incransom,Kafka Conveyors & Equipment Inc,2025-08-28 00:00:00.000000,US,Manufacturing,,,"Kafka Conveyors & Equipment Inc., offers a variety of conveyor types and sizes, such as stacking conveyors, transfer conveyors, and stackable conveyors. We also offer to our customers recycling portable picking station and portable shingle feeders. All conveyors are custom designed and suited toward"
incransom,CPK Interior Products Inc,2025-08-28 00:00:00.000000,CA,Manufacturing,,,"Cpk Interior Products, founded in 2010 and headquartered in Ontario, Canada, is a manufacturer of interior automotive components and products. The company specializes in producing high-quality parts for vehicle interiors, serving the automotive manufacturing industry with B2B solutions. Cpk operates"
incransom,LAMMCO.NET,2025-08-22 00:00:00.000000,US,Not Found,,,LAMMCO specializes in industrial furniture and construction specialties. The company focuses on providing high-quality products tailored for various industrial applications. Their intended clients include businesses in need of durable and functional furniture solutions. LAMMCO aims to meet the deman
incransom,schuler-service-group.de,2025-08-13 00:00:00.000000,DE,Not Found,,,"Schuler Service Group is a comprehensive service provider specializing in garden and landscape construction, with expertise dating back to 1956. They offer year-round green maintenance services in urban and industrial areas, catering to clients in the real estate sector, municipalities, and the chem"
incransom,www.reliablecontrols.com,2025-07-22 00:00:00.000000,US,Technology,,,"Founded in 1986, Reliable Controls is a company that designs and manufactures building control products for use in distributed control systems. Reliable Controls is located in Canada"
incransom,multichem.net,2025-07-22 00:00:00.000000,GB,Technology,,,"MULTICHEM: THE INK SPECIALISTS Creating inks since 1973, Multichem has earned a global reputation for quality, service and technical support. Employees: 43 Revenue:$9.4 Million Industry:Manufacturing   Phone Number:+44 1434606085"
incransom,"Crompton Lamps, UK",2025-07-17 10:00:00.000000,GB,Manufacturing,,,"Crompton Lamps is one of the oldest lamp businesses in the world, founded in 1878 by the late Colonel Crompton, an entrepreneur with an interest in electricity. He designed and installed some of the earliest recorded electric lighting installations at buildings such as Windsor Castle and Holyrood Pa"
incransom,Wingpoh_SG,2025-07-17 10:00:00.000000,SG,Not Found,,,"WING POH HARDWARE PTE LTD is a leading distributor of high-quality industrial, automotive, and garden tools in Singapore, offering products from renowned international brands. With 30 years of industry experience, the company serves a diverse clientele looking for reliable hand tools and abrasive pr"
incransom,climaxportable.com,2025-07-17 00:00:00.000000,US,Manufacturing,,,"CLIMAX, founded in 1966 and headquartered in Newberg, OR., is a provider of portable machining, welding, and testing systems to optimize performance, efficiency, and safety within the Oil & Gas, Mining & Heavy Construction, Power Generation, Shipbuilding & Repair, and Transportation industries. Emp"
incransom,Otjiwarongo Municipality,2025-07-14 00:00:00.000000,NA,Public Sector,,,"Otjiwarongo offers stable, efficient and helpful local government, endless potential for investors, both in the industrial and commercial sectors as well as attractive residential areas, excellent schools, and modern medical facilities. Otjiwarongo Municipality works hard to live up to its vision st"
incransom,tsaworld.com,2025-07-07 02:56:00.000000,US,Technology,,,"TSAworld Inc. specializes in providing a wide range of office equipment and supplies including projectors, printers, copiers, and scanners, as well as their associated parts and maintenance kits. Their products cater to clients seeking technical expertise and quality office solutions. The company al"
incransom,asi-group.com,2025-07-07 00:00:00.000000,CA,Manufacturing,,,"ASI Group Ltd. (ASI) has been an industry leader in underwater inspection, maintenance and repair, and biofouling (mussel) monitoring and control services since 1987. Originally founded as Aquatic Sciences Inc. by a team of technical professionals, ASI has now grown to be much more. Our scope and de"
incransom,erichschleichgmbh.de,2025-06-30 00:00:00.000000,DE,Not Found,,,"Erich Schleich GmbH is a company that operates in the Sporting & Recreational Equipment Retail industry. It employs 5to9 people and has 1Mto5M of revenue. The company is headquartered in Denklingen, Bavaria, Germany. Employees: 25 Revenue:$5 Million Industry:Retail   Phone Number:+49 8243961968"
incransom,"Lamina Dielectrics, United Kingdom",2025-06-17 10:00:00.000000,GB,Manufacturing,,,"Lamina Dielectrics leads the world in the development and manufacture of Spiral Winding, Heat Shrink / Non Shrink Tubes and Endcaps that provide electrical insulation as well as mechanical and chemical protection. Including Mylar Tubing, Polyester Tubing, Nomex Tubing and Kapton Tubing."
incransom,erniesinceresco.com,2025-06-17 00:00:00.000000,US,Not Found,,,"We offer a wide selection of furniture, mattresses, flooring, appliances and electronics from the most popular brands. Come and visit us today! See our exclusive selection on Ashley, Smith Brothers,England, Flexsteel, Sealy, Tempur-pedic, Beautyrest, Serta, Liberty, La-Z-Boy, Hunter Douglas Window F"
incransom,hitachi-tds.com,2025-06-15 00:00:00.000000,US,Technology,,,"Hitachi T&D Solutions, Inc. is a premier international supplier of electrical equipment including dead tank high-voltage circuit breakers, gas-insulated switchgear, transformers, and generator main circuit breakers. One of the company's recent accomplishments is the creation of the industry's first "
incransom,scaffoldsolutions.com,2025-06-06 00:00:00.000000,US,Construction,,,"Scaffold Solutions Inc. is a premier provider of commercial and industrial scaffolding products, renowned for its high level of service, expertise, and reliability. The company offers a diverse range of scaffolding solutions, including frame scaffolds, Cuplok systems, shoring, platforms, trash chute"
incransom,Funktel GmbH,2025-06-03 00:00:00.000000,DE,Telecommunication,,,"With its head office in Salzgitter, funktel GmbH is a leading manufacturer of professional security and communication solutions based on DECT and TETRA for industry, public utilities and authorities. funktel GmbH become a victim of the largest data breach. 3.5TB sensitive data will be published soo"
incransom,alereon.com,2025-05-31 00:00:00.000000,US,Technology,,,"Alereon is a global leader in ultrawideband (UWB) wireless solutions, providing high-speed, short-range wireless technology for various industries. They design and fabricate UWB chipsets and offer a range of products and services, including wireless modules, reference designs, and custom hardware an"
incransom,ros.eu,2025-05-16 09:10:00.000000,DE,Technology,,,"TRAPOROL is the specialist and leading provider of idler rollers, motor rollers, expansion elements and accessories for conveying technology systems ===> Revenue: $6.6 Million Employees: 25  Industry: Manufacturing Data:450GB Phone Number: +49 964280200 Employees Phone Number: +49 9642 80 15"
incransom,lemi-group,2025-04-23 00:00:00.000000,IT,Not Found,,,"Lemi Group has been manufacturing equipment for beauty salons, spas, podiatry, and medical use for 34 years."
incransom,Imagineering Finishing Technologies,2025-04-11 00:00:00.000000,US,Manufacturing,,,"Imagineering Finishing Technologies (IFT) is the industry KnowledgeSource for metal finishing solutions. Through our commitment to the principles of Total Quality Management, IFT provides high-performance surface finishing solutions for a robust range of markets that address the most exacting applic"
incransom,Thiekon Constructie,2025-04-08 01:00:00.000000,NL,Construction,,,"Thiekon Constructie BV is a company from Reijen (Netherlands) with more than 40 years of experience in steel structures and zinc coatings.  It is the only one in the country with its own hot-dip galvanizing plant, which allows steel processing within a single company. The company performs fabricatio"
incransom,TMT Clam Dredger,2025-03-24 10:00:00.000000,US,Manufacturing,,,TMT Clam Dredger TMT Marine Terminal LLC South Jersey Surf Clam Address: manahawkin NJ 08050
incransom,abeyor.fr,2025-03-15 00:00:00.000000,FR,Business Services,,,"www.abeyor.com Abeyor is a French manufacturer of overhead and overhead conveyors designed for automatic and manual handling of various loads, including in painting plants, logistics and assembly lines. Abeyor provides customers with a full range of services, from design and manufacture to installa"
incransom,silocaf.com,2025-02-28 00:00:00.000000,US,Manufacturing,,,"Silocaf of New Orleans, Inc. is an experienced coffee processor, translating thorough product knowledge into high standards and superior performance. They utilize the most advanced techniques to weigh, clean and blend coffee according to each client's unique specifications. They have also developed "
incransom,sitro.com.au,2025-02-27 00:00:00.000000,AU,Not Found,,,"Finetech is a leading manufacturer of equipment for submicron die bonding and advanced SMD rework. We offer solutions for every step of your journey - from R&D to automated industrial production."
incransom,newhollandwood.com,2025-02-17 00:00:00.000000,US,Manufacturing,,,"New Holland Church Furniture established in 1919 and is located in Lancaster County in the heart of Central Pennsylvania Dutch Country. Holland Church Furniture custom manufacture a full line of worship furniture including traditional church pews with standard or custom pew ends, and it is the natio"
incransom,megamtls.com,2025-01-31 00:00:00.000000,CA,Not Found,,,"Mega Metals is a leading titanium recycling company that prides itself on our unwavering commitment to quality and customer service. This means we place a priority on innovation, trust, and relationships. We operate with utmost integrity and full dedication to delivering quality products and a quali"
incransom,Prinston Pharmaceutical (huahaius.com),2025-01-27 12:20:11.341826,US,Healthcare,,,"Prinston Pharmaceutical Inc., is a fast growing, emerging global pharmaceutical company, located in Cranbury, New Jersey, USA. We are a fully-integrated pharmaceutical company engaged in product development, product registration, manufacturing, marketing and sales of high quality affordable generic "
incransom,starkaerospace.com,2025-01-23 14:20:13.536847,US,Technology,,,"At Stark Aerospace, we stand as a beacon of excellence in the realm of defense manufacturing. Founded on the principles of integrity and excellence, Stark Aerospace has become synonymous with technological advancement and operational superiority. Our dedication to quality permeates every aspect of o"
incransom,RETAL Baltic Films,2025-01-21 22:51:19.497688,CY,Not Found,,,"RETAL has been offering our customers complete packaging solutions for over 20 years. With 19 production sites in 10 countries, our sales area encompasses more than 70 countries throughout Europe, Asia, Africa and the Americas. Parent company RETAL Industries Ltd, whose President and Member of the B"
incransom,Hadwins Volkswagen,2024-11-25 06:27:21.154000,GB,Business Services,,,"Volkswagen has a reputation for developing vehicles that offer something for everyone. From the ever-popular Volkswagen Golf through to the bold and stylish Volkswagen Tiguan, the manufacturer is renowned for its ability to fuse exceptional performance with great aesthetics. At Hadwins Volkswagen in"
incransom,Service Avicole JGL,2024-11-23 22:09:35.098655,CA,Agriculture and Food Production,,,"[AI generated] Service Avicole JGL is a company specializing in poultry services. They focus on providing comprehensive solutions to improve poultry farm operations, including supply of quality poultry equipment, health management, and productivity enhancement strategies. Their expertise supports fa"
incransom,Darlington EMS,2024-11-23 20:43:41.129592,GB,Healthcare,,,"[AI generated] Darlington EMS is a company that specializes in emergency medical services, providing critical care and transportation for patients in need. They are equipped with advanced medical equipment and staffed by highly trained professionals, ensuring rapid response and quality care. Focused"
incransom,United Bakery Equipment,2024-11-21 19:15:27.787756,US,Manufacturing,,,"[AI generated] United Bakery Equipment is a company specializing in the design and manufacture of high-quality bakery machinery. They offer a range of equipment including slicers, baggers, and other automated systems tailored for the baking industry. Known for innovation and reliability, the company"
incransom,aclaser.com.au,2024-11-14 00:00:00.000000,AU,Manufacturing,,,"Rich in history, fuelled by innovation Innovation drives us at AC Laser. As a family-owned and operated business now in its second generation of management, we’ve been pioneers in laser cutting, fabrication and component manufacturing for two decades. Founded in 1991 and now celebrating 20 years un"
incransom,PBS AEROSPACE,2024-11-04 12:09:15.066000,US,Manufacturing,,,"PBS Group PBS GROUP, a.s. is a joint-stock company of the holding type, which is engaged in investments and the exercise of shareholder rights of engineering companies in the group. The main mission is the long-term development of these companies and the creation of synergic links in the provision o"
incransom,E-Z Pack Holdings LLC,2024-09-10 09:14:35.337000,US,Manufacturing,,,"As part of Commercial Specialty Truck Holdings (CSTH), E-Z Pack is leading refuse truck manufacturer committed to having products designed to be simple to operate and repair, and more connected to the needs of your operation. The company has a unique understanding and appreciation for the value and "
incransom,ERoko Distributors + Colonial Countertops,2024-08-24 15:50:38.337000,US,Business Services,,,"E. Roko Distributors has been in business for over 35 years in British Columbia, Alberta and the Washington State area. We provide quality products and superior customer satisfaction to commercial/residential cabinet makers, millworkers, furniture manufactures and contractors.  We carry thousands "
incransom,Don’t Waste Group,2024-08-22 12:06:03.536000,GB,Business Services,,,"With over twenty-five years of phenomenal success, DON’T WASTE provides industry leading business intelligence, site management and waste management services to Property, Retail, Commercial, Industrial and Hospitality industries. Our customers are the world’s leading property management groups."
incransom,A.L.P. Lighting Components,2024-07-06 10:07:04.754000,US,Manufacturing,,,"Founded in 1972 A.L.P. is an international company that does the design, manufacturing, and distribution of lighting components and components for other technical industries. The company is headquartered in Niles, Illinois."
incransom,Boombah Inc.,2024-06-29 00:00:00.000000,DO,Manufacturing,,,"Boombah was founded in 2003 by owner and founder, Rick Tollefson. Boombah Inc. is now one of the fastest growing sporting goods companies in the nation.  Boombah Dominicana located in Santiago, Dominican Republic is a state of the art manufacturing facility opened in 2016.  Our goal is simple to"
incransom,Guhring USA,2024-06-24 00:00:00.000000,,Manufacturing,,,"Guhring is a world-class manufacturer of round shank cutting tools for the metalworking industry; also a provider of top-quality coating, reconditioning and tool management services.  More than a century of expertise in cutting tool manufacturing, combined with powerful R&D resources, place Guhrin"
incransom,Kito Canada,2024-06-13 12:55:09.668000,CA,Manufacturing,,,"Canada's most reliable heavy duty lever hoist available in 3/4 to 9 metric tonne capacity Canada's most reliable lever hoist with slip clutch in 3/4 to 9 metric tonne capacity An award winning, pocket-sized lever hoist available in 1/4 to 1/2 metric tonne capacity An extremely durable, efficient, an"
incransom,Planar,2024-06-08 00:00:00.000000,,Technology,,,"Founded in 1983, Planar develops, manufactures, and markets electronic display products. The company produces liquid crystal display and other flat panel displays, and video projectors. The products are used in healthcare, call centers, point-of-sale, and other purposes. The company is headquartered"
incransom,aloft,2024-05-31 06:28:08.280000,PT,Hospitality and Tourism,,,"ALOFT Manufacturing · Portugal ·  In our hands everything is about 50gb of the critical date of the company. Contracts with clients, financial documents, postal correspondence."
incransom,Talley Group,2024-05-14 15:59:57.645000,GB,Healthcare,,,"Talley Group Limited manufactures medical devices for customers in AMER, EMEA, and APAC territories. The company specializes in presser ulcer prevention and management. It offers pressure area care products, such as acute mattress, plus mattress, overlay, choice, cushion, hybrid mattress, and respon"
incransom,Helapet Ltd,2024-05-13 17:24:56.975000,GB,Healthcare,,,"Helapet is a manufacturer and distributor of medical and cleanroom consumables for hospital pharmacy, pharmaceutical manufacturing, laboratory and veterinary industries. Established in 1984, Helapet supplies a range of sterile and non-sterile products that support critical environment activities acr"
incransom,Electric Mirror Inc,2024-05-08 14:56:37.781034,,Manufacturing,,,"Electric Mirror is in more hotels than all of our competitors combined, making us the leader in Lighted Mirrors and Mirror TV technology. Since we first introduced Lighted Mirrors and Mirror TVs to..."
incransom,allied-mechanical-services-inc,2024-05-07 12:19:09.100000,US,Business Services,,,"Allied Mechanical Services  One of Michigan's largest and most experienced full-service mechanical contracting firms. SUCCESS STORIES We serve a wide range of industries and offer design build/assist services, 24/7 service, and pre-fabrication. Our safety record is second-to-none.   CULTURE "
incransom,Electric Mirror,2024-05-06 05:34:03.342000,US,Manufacturing,,,"See yourself in the best light with our Front-lit Mirror Collection. From the timeless shape of the Brilliance™, to the shadow-box frame of the Eminence™, to the slim profile of the Radiance™, our front-lit mirrors offer unmatched task lighting and a touch of distinction to every room they grace"
incransom,Seaman's Mechanical,2024-05-03 08:41:08.376000,US,Business Services,,,"Commercial/Industrial Mechanical, Electrical, Plumbing & Refrigeration Expertise Since 1961, Seaman’s Mechanical has been committed to offering service that exceeds our customer’s expectations. Our Right the First Time results of over 99% delivers on our promise. When a Seaman’s truck comes to your"
incransom,Trylon Srl,2024-04-30 21:02:09.056000,RO,Business Services,,,"Trylon has been supplying innovative, cell site steel infrastructure, as well as site acquisition, engineering services, installation and technical services for wireless networks since the introduction of cellular technology in the early 1980s. As technology has evolved, we’ve continued to facilitat"
incransom,Hanzestrohm,2024-04-23 14:20:00.000000,NL,Manufacturing,,,"Hanzestrohm is a group of companies offering specialist products and services from a technical brand portfolio. The Hanzestrohm companies have in-depth know-how in the fields of building solutions, industrial solutions and infrastructure solutions. As an independent family business founded in 1951, "
incransom,UNITE HERE!,2024-04-22 00:00:00.000000,US,Hospitality and Tourism,,,"UNITE HERE is a labor union in the United States and Canada with roughly 300,000 active members. The union's members work predominantly in the hotel, food service, laundry, warehouse, and casino gaming industries. The union was formed in 2004 by the merger of Union of Needletrades, Industrial, and T"
incransom,Black Butte Coal,2024-04-16 00:00:00.000000,US,Energy,,,"Black Butte Coal Co is a company that operates in the Mining & Metals industry. It employs 101-250 people and has $25M-$50M of revenue. The company is headquartered in Point Of Rocks, Wyoming."
incransom,Lodan Electronics Inc,2024-03-29 08:52:01.045069,US,Technology,,,"LoDan Electronics, Inc. was established in 1967, and has served as an industry leader, designing, manufacturing, and delivering cost effective, custom-engineered interconnect solutions. These..."
incransom,Tech-Quip Inc,2024-03-29 08:50:43.941027,US,Technology,,,"Established in 1973, Tech-Quip has grown to become one of the largest manufacturer’s representatives for instrumentation and analytical products in the Gulf Coast. Headquartered in Houston, TX..."
incransom,"King Aerospace, Inc.",2023-12-12 01:08:43.457719,,,,,"King Aerospace, Inc. (KAI) is a global operation that serves the U.S. military and government to deliver responsive aircraft maintenance and logistics support in some of the world's most hostile..."
incransom,Pro Metals LLC,2023-11-23 08:35:26.093419,,,,,"When John Olivarez and a business partner started Pro Metals in 2007 it was located in a small 2,400 square foot building in Kansas City, Kansas. Mr. Olivarez took sole ownership of Pro Metals in..."
incransom,Trylon TSF Inc.,2023-11-23 08:34:30.314225,,,,,"Trylon has been supplying innovative, cell site steel infrastructure, as well as site acquisition, engineering services, installation and technical services for wireless networks since the..."
incransom,Universal Sewing Supply Inc,2023-10-31 21:03:55.399553,US,,,,"Universal Sewing Supply was founded in 1956 in St. Louis, Missouri. Universal Sewing Supply provides industrial sewing equipment, supplies, and parts as well as air line components, valves, air hoses..."
incransom,Yamaha Motor Philippines,2023-10-25 00:00:00.000000,PH,Manufacturing,,,Yamaha Motor Philippines Inc. - Explore the number one automatic motorcycle in the Philippines!
incransom,Elemetal,2023-09-18 20:35:17.707414,,,,,Elemetal is one of the largest precious metals refiner. They are laundering money for drug cartel and can't find a small amount to prevent data leak. Cost of their privacy is $160.000. 600GB of...
incransom,************,2023-09-18 17:33:58.909323,,,,,************ one of the largest precious metals refiner. they are laundering money for drug cartel and can't find a small amount to prevent data leak. we will name company on Friday if there will be...
incransom,Pifer's Auction & Realty,2023-08-31 11:32:35.933111,,,,,"Pifer's Auction & Realty is a full service auction and real estate firm specializing in land auctions, machinery auctions, and land management."
play,Brokk,2026-03-24 00:00:00.000000,SE,Manufacturing,,,Sweden
play,Specflue,2026-03-23 00:00:00.000000,GB,Manufacturing,,,United Kingdom
play,Witt UK Group,2026-03-21 00:00:00.000000,GB,Manufacturing,,,United Kingdom
play,Valley Plating Inc,2026-03-20 00:00:00.000000,US,Manufacturing,,,United States
play,TPIS Industrial Services,2026-03-18 00:00:00.000000,US,Manufacturing,,,United States
play,Eagle Industrial Equipment,2026-03-07 00:00:00.000000,,Manufacturing,,,United States
play,Design To Print,2026-03-06 21:17:23.053768,US,Manufacturing,,,United States
play,Select Tool,2026-03-06 21:16:44.704248,CA,Manufacturing,,,Canada
play,Go Professional Cases,2026-03-02 21:46:45.905254,US,Manufacturing,,,United States
play,Cabka,2026-02-27 00:00:00.000000,DE,Manufacturing,,,Germany
play,Byard F Brogan,2026-02-26 00:00:00.000000,US,Manufacturing,,,United States
play,Young & Associates Consulting Engineers,2026-02-22 18:45:46.099429,,Manufacturing,,,United States
play,GapVax,2026-02-18 00:00:00.000000,US,Manufacturing,,,United States
play,Paisley Products of Canada,2026-02-13 00:00:00.000000,CA,Manufacturing,,,Canada
play,Tropic Tool & Mold,2026-02-10 00:00:00.000000,,Manufacturing,,,United States
play,ESS Metron,2026-02-07 20:02:45.415015,US,Manufacturing,,,United States
play,Transaction Packing,2026-01-31 15:58:58.013829,US,Manufacturing,,,United States
play,F&B Mfg,2026-01-26 19:41:06.375710,US,Manufacturing,,,United States
play,Milwaukee Forge,2026-01-20 00:00:00.000000,US,Manufacturing,,,United States
play,Joyva,2026-01-18 00:00:00.000000,US,Manufacturing,,,United States
play,Midway Windows and Doors,2026-01-13 00:00:00.000000,US,Manufacturing,,,United States
play,MP Filtri,2025-12-26 00:00:00.000000,IT,Manufacturing,,,Canada
play,Stoughton Steel,2025-12-26 00:00:00.000000,US,Manufacturing,,,United States
play,University Loft,2025-11-25 00:00:00.000000,US,Manufacturing,,,United States
play,Release Marine,2025-11-24 00:00:00.000000,US,Manufacturing,,,United States
play,Hall Aluminum Products,2025-11-21 00:00:00.000000,US,Manufacturing,,,United States
play,Turkstra Trusses,2025-11-18 00:00:00.000000,CA,Manufacturing,,,Canada
play,Keystone Fabricating,2025-11-18 00:00:00.000000,US,Manufacturing,,,United States
play,Katch Kan,2025-11-18 00:00:00.000000,CA,Manufacturing,,,Canada
play,ADC Aerospace,2025-11-13 00:00:00.000000,US,Manufacturing,,,United States
play,Valley Plains Equipment,2025-11-10 00:00:00.000000,US,Manufacturing,,,United States
play,N C Machinery,2025-11-10 00:00:00.000000,US,Manufacturing,,,United States
play,Carlton Scale,2025-11-03 00:00:00.000000,US,Manufacturing,,,United States
play,Kwik Mix Materials,2025-10-31 00:00:00.000000,CA,Manufacturing,,,Canada
play,Irwin Car,2025-10-28 00:00:00.000000,US,Manufacturing,,,United States
play,Sellars Absorbent Materials,2025-10-28 00:00:00.000000,US,Manufacturing,,,United States
play,Tavo Packaging Inc,2025-10-23 00:00:00.000000,US,Manufacturing,,,United States
play,Wright Tool,2025-10-21 00:00:00.000000,US,Manufacturing,,,United States
play,Accord Carton,2025-10-19 20:40:05.964616,US,Manufacturing,,,United States
play,Metal Pros,2025-10-14 00:00:00.000000,US,Manufacturing,,,United States
play,National Coatings,2025-10-13 00:00:00.000000,,Manufacturing,,,United States
play,Cellucap Manufacturing,2025-10-12 00:00:00.000000,US,Manufacturing,,,United States
play,Legacy Manufacturing,2025-10-11 00:00:00.000000,,Manufacturing,,,United States
play,Pangborn,2025-09-23 00:00:00.000000,US,Manufacturing,,,United States
play,Komar Industries,2025-09-21 00:00:00.000000,US,Manufacturing,,,United States
play,United Machine,2025-09-19 20:21:34.751921,,Manufacturing,,,United States
play,Takeuchi US,2025-09-17 00:00:00.000000,US,Manufacturing,,,United States
play,Atlas Pressed Metals,2025-09-14 00:00:00.000000,US,Manufacturing,,,United States
play,GL Veneer,2025-09-09 22:39:04.295342,US,Manufacturing,,,United States
play,Ronco Safety,2025-09-06 00:00:00.000000,US,Manufacturing,,,Canada
play,Baum Precision Machining,2025-09-05 00:00:00.000000,US,Manufacturing,,,United States
play,Mayors Machine Works,2025-09-02 00:00:00.000000,US,Manufacturing,,,United States
play,Royal Machine & Tool,2025-08-29 00:00:00.000000,US,Manufacturing,,,United States
play,Arboris,2025-08-27 00:00:00.000000,US,Manufacturing,,,United States
play,Cool Wind Ventilation,2025-08-26 00:00:00.000000,,Manufacturing,,,United States
play,Anderson Aluminum,2025-08-19 00:00:00.000000,US,Manufacturing,,,United States
play,Greenscape Pump Services,2025-08-14 21:35:40.025700,US,Manufacturing,,,United States
play,Rising Star Hydraulics,2025-08-06 00:00:00.000000,US,Manufacturing,,,United States
play,CFI Tire Service,2025-08-04 00:00:00.000000,US,Manufacturing,,,United States
play,Jamco Aerospace,2025-08-03 00:00:00.000000,JP,Manufacturing,,,United States
play,Phoenix Lighting,2025-07-31 00:00:00.000000,US,Manufacturing,,,United States
play,White Horse Packaging,2025-07-28 00:00:00.000000,,Manufacturing,,,United States
play,IMSSA Manufacturing,2025-07-12 00:00:00.000000,,Manufacturing,,,United States
play,Thern,2025-07-03 00:00:00.000000,US,Manufacturing,,,United States
play,FormWood Industries,2025-06-30 00:00:00.000000,US,Manufacturing,,,United States
play,View Zuellig Industrial,2025-06-27 18:46:43.588189,TH,Manufacturing,,,Thailand
play,Carter Manufacturing,2025-06-24 00:00:00.000000,,Manufacturing,,,United States
play,Associated Packaging,2025-06-16 00:00:00.000000,US,Manufacturing,,,United States
play,Ovalstrapping,2025-06-13 00:00:00.000000,CA,Manufacturing,,,United States
play,Lake Book Manufacturing,2025-06-12 00:00:00.000000,US,Manufacturing,,,United States
play,Rollex,2025-06-08 00:00:00.000000,US,Manufacturing,,,United States
play,Anchor Industries,2025-05-30 15:35:45.325517,,Manufacturing,,,United States
play,FLOE Internationa,2025-05-30 00:00:00.000000,,Manufacturing,,,United States
play,Ebac,2025-05-29 00:00:00.000000,GB,Manufacturing,,,United Kingdom
play,KDV Label,2025-05-20 00:00:00.000000,US,Manufacturing,,,United States
play,CNHI LLC,2025-05-17 00:00:00.000000,US,Manufacturing,,,United States
play,Vernon Milling,2025-05-15 00:00:00.000000,US,Manufacturing,,,United States
play,Regal Ideas,2025-05-14 18:14:04.219429,CA,Manufacturing,,,Canada
play,Custom Paper,2025-05-01 20:21:26.472266,CA,Manufacturing,,,Canada
play,The Seydel Companies,2025-04-26 00:00:00.000000,US,Manufacturing,,,United States
play,Technical Die-Casting,2025-04-26 00:00:00.000000,US,Manufacturing,,,United States
play,Missouri Pipe Fittings,2025-04-24 00:00:00.000000,US,Manufacturing,,,United States
play,PermaCold Engineering,2025-04-24 00:00:00.000000,US,Manufacturing,,,United States
play,Mantel Machine Products,2025-04-23 00:00:00.000000,US,Manufacturing,,,United States
play,Voigt-Abernathy Company,2025-04-04 00:00:00.000000,US,Manufacturing,,,United States
play,Frederick's Machine & Tool Shop,2025-04-04 00:00:00.000000,,Manufacturing,,,United States
play,PAC Strapping Products,2025-04-02 00:00:00.000000,US,Manufacturing,,,United States
play,KER Custom Molders,2025-03-31 00:00:00.000000,US,Manufacturing,,,United States
play,ABITL Finishing,2025-03-28 00:00:00.000000,IN,Manufacturing,,,United States
play,Cane Creek Cycling Components,2025-03-27 00:00:00.000000,US,Manufacturing,,,United States
play,Parvin-Clauss Sign Company,2025-03-21 00:00:00.000000,US,Manufacturing,,,United States
play,Royal Glass,2025-03-21 00:00:00.000000,,Manufacturing,,,United States
play,Jet Ice,2025-03-17 00:00:00.000000,CA,Manufacturing,,,Canada
play,International Process Plants,2025-02-21 00:00:00.000000,US,Manufacturing,,,United States
play,Q railing,2025-02-19 00:00:00.000000,DE,Manufacturing,,,Germany
play,T J Machine & Tool,2025-02-17 00:00:00.000000,US,Manufacturing,,,United States
play,Fairhaven Shipyard Companies,2025-02-14 00:00:00.000000,US,Manufacturing,,,United States
play,North American Fire Hose,2025-02-06 00:00:00.000000,US,Manufacturing,,,United States
play,Ratioparts,2025-02-05 00:00:00.000000,DE,Manufacturing,,,Germany
play,Hydronic & Steam Equipment,2025-02-05 00:00:00.000000,US,Manufacturing,,,United States
play,Shinn Fu Company of America,2025-01-31 00:00:00.000000,US,Manufacturing,,,United States
play,Kensington Glass Arts,2025-01-31 00:00:00.000000,US,Manufacturing,,,United States
play,Tie Down Engineering,2025-01-31 00:00:00.000000,US,Manufacturing,,,United States
play,Kimco Steel,2025-01-30 00:00:00.000000,CA,Manufacturing,,,Canada
play,Neaton Auto Products Manufacturing,2025-01-29 00:00:00.000000,US,Manufacturing,,,United States
play,Wylie Steel Fabricators,2025-01-27 00:00:00.000000,US,Manufacturing,,,United States
play,Best Cheer Stone,2025-01-27 00:00:00.000000,US,Manufacturing,,,United States
play,Mid-State Machine & Fabricating Corp,2025-01-21 00:00:00.000000,US,Manufacturing,,,United States
play,The Hill Brush,2025-01-20 00:00:00.000000,US,Manufacturing,,,United States
play,Woodway USA,2025-01-17 00:00:00.000000,US,Manufacturing,,,United States
play,Cold Storage Manufacturing,2025-01-17 00:00:00.000000,US,Manufacturing,,,United States
play,Plymouth Foam,2025-01-14 00:00:00.000000,US,Manufacturing,,,United States
play,Dickow Cyzak Tile,2025-01-06 00:00:00.000000,US,Manufacturing,,,United States
play,Marshall & Bruce Printing,2024-12-21 00:00:00.000000,US,Manufacturing,,,United States
play,Sigarth,2024-12-12 00:39:46.939224,SE,Manufacturing,,,Sweden
play,Chemitex SA Information,2024-12-10 00:00:00.000000,BE,Manufacturing,,,Belgium
play,Welker,2024-12-03 00:00:00.000000,US,Manufacturing,,,United States
play,Standard Calibrations,2024-11-25 00:00:00.000000,US,Manufacturing,,,United States
play,Henderson Stamping & Production,2024-11-07 00:00:00.000000,US,Manufacturing,,,United States
play,Specialty Bolt And Screw,2024-11-07 00:00:00.000000,US,Manufacturing,,,United States
play,Delfin Design & Manufacturing,2024-11-02 00:00:00.000000,US,Manufacturing,,,United States
play,Smitty's Supply,2024-10-31 00:00:00.000000,US,Manufacturing,,,United States
play,Dirksen Screw Products,2024-10-29 21:11:03.894572,US,Manufacturing,,,United States
play,Bendheim,2024-10-29 00:00:00.000000,US,Manufacturing,,,United States
play,Pureflow Airdog,2024-10-25 00:00:00.000000,US,Manufacturing,,,United States
play,Vox Printing,2024-10-25 00:00:00.000000,US,Manufacturing,,,United States
play,Diamond Brand Gear,2024-10-23 00:00:00.000000,US,Manufacturing,,,United States
play,Iron World Manufacturing,2024-10-18 00:00:00.000000,US,Manufacturing,,,United States
play,Pelsue,2024-10-18 00:00:00.000000,US,Manufacturing,,,United States
play,Eagle Industries,2024-10-16 00:00:00.000000,US,Manufacturing,,,United States
play,JS McCarthy Printers,2024-10-16 00:00:00.000000,US,Manufacturing,,,United States
play,The Strainrite Companies,2024-10-11 00:00:00.000000,US,Manufacturing,,,United States
play,Maval Industries,2024-10-10 00:00:00.000000,US,Manufacturing,,,United States
play,Absolute Machine Tools,2024-10-07 00:00:00.000000,US,Manufacturing,,,United States
play,AnVa Industries,2024-10-01 00:00:00.000000,SE,Manufacturing,,,Sweden
play,Andantex USA,2024-09-29 21:40:05.314473,US,Manufacturing,,,United States
play,Steel Art Signs,2024-09-26 00:00:00.000000,CA,Manufacturing,,,Canada
play,Markdom Plastic Products,2024-09-24 00:00:00.000000,CA,Manufacturing,,,Canada
play,The Rubber Resources,2024-09-23 00:00:00.000000,US,Manufacturing,,,United States
play,Garvey,2024-09-17 00:00:00.000000,US,Manufacturing,,,United States
play,RobbJack & Crystallume,2024-09-17 00:00:00.000000,US,Manufacturing,,,United States
play,Protective Industrial Products,2024-09-16 12:02:49.797082,US,Manufacturing,,,United States
play,Reutter,2024-09-16 00:00:00.000000,DE,Manufacturing,,,Germany
play,Jackson Paper Manufacturing,2024-09-13 00:00:00.000000,US,Manufacturing,,,United States
play,Paragon Plastics,2024-09-11 00:00:00.000000,US,Manufacturing,,,United States
play,4B Components,2024-09-10 00:00:00.000000,US,Manufacturing,,,United States
play,Rsp,2024-09-09 00:00:00.000000,CA,Manufacturing,,,Canada
play,Weldco-Beales Manufacturing,2024-09-03 00:00:00.000000,CA,Manufacturing,,,Canada
play,Southeast Cooler,2024-08-28 00:00:00.000000,US,Manufacturing,,,United States
play,Elgin Separation Solutions,2024-08-27 00:00:00.000000,US,Manufacturing,,,United States
play,Universal Pure,2024-08-19 00:00:00.000000,US,Manufacturing,,,United States
play,The SMS Group,2024-08-16 00:00:00.000000,US,Manufacturing,,,United States
play,Air International Thermal Systems,2024-08-06 00:00:00.000000,US,Manufacturing,,,United States
play,ABC Parts International,2024-08-01 00:00:00.000000,US,Manufacturing,,,United States
play,Granit Design,2024-07-16 00:00:00.000000,CA,Manufacturing,,,Canada
play,Texas Recycling,2024-06-29 00:00:00.000000,US,Manufacturing,,,United States
play,Gateway Extrusions,2024-06-29 00:00:00.000000,US,Manufacturing,,,United States
play,Congoleum,2024-06-27 00:00:00.000000,US,Manufacturing,,,United States
play,Elyria Foundry,2024-06-13 00:00:00.000000,US,Manufacturing,,,United States
play,TPI,2024-06-11 00:00:00.000000,US,Manufacturing,,,United States
play,Eagle Materials,2024-05-23 00:00:00.000000,US,Manufacturing,,,United States
play,Chroma Color,2024-05-17 00:00:00.000000,US,Manufacturing,,,United States
play,Haumiller Engineering,2024-05-10 18:34:16.061988,US,Manufacturing,,,United States
play,Ab Monsteras Metall,2024-05-07 00:00:00.000000,SE,Manufacturing,,,Sweden
play,Semicore Equipment,2024-05-03 00:00:00.000000,US,Manufacturing,,,United States
play,NK Parts Industries,2024-05-01 00:00:00.000000,US,Manufacturing,,,United States
play,Badger Tag & Label,2024-04-25 00:00:00.000000,US,Manufacturing,,,United States
play,Visa Lighting,2024-04-25 00:00:00.000000,US,Manufacturing,,,United States
play,UniTrak,2024-04-23 00:00:00.000000,CA,Manufacturing,,,Canada
play,Precision Fluid Controls,2024-04-18 00:00:00.000000,US,Manufacturing,,,United States
play,Mauritzon,2024-04-17 00:00:00.000000,US,Manufacturing,,,United States
play,Canatal Industries,2024-04-16 00:00:00.000000,US,Manufacturing,,,United States
play,Engineered Automation of Maine,2024-04-12 00:00:00.000000,US,Manufacturing,,,United States
play,Alltruck Bodies,2024-04-12 00:00:00.000000,AU,Manufacturing,,,Australia
play,MoldTech,2024-04-05 00:00:00.000000,US,Manufacturing,,,United States
play,New England Wooden Ware,2024-04-02 00:00:00.000000,US,Manufacturing,,,United States
play,Tbr Kowalczyk,2024-03-27 14:57:43.127611,PL,Manufacturing,,,Poland
play,Weld Plus,2024-03-27 14:56:25.762726,US,Manufacturing,,,United States
play,Everbrite,2024-03-22 00:00:00.000000,US,Manufacturing,,,United States
play,Wyoming Machinery,2024-03-21 01:25:28.671282,US,Manufacturing,,,United States
play,Stainless Foundry & Engineering,2024-03-11 00:00:00.000000,US,Manufacturing,,,United States
play,Quality Enclosures,2024-03-05 00:00:00.000000,US,Manufacturing,,,United States
play,New Bedford Welding Supply,2024-03-01 23:51:17.347510,US,Manufacturing,,,United States
play,Image Pointe,2024-02-21 00:00:00.000000,US,Manufacturing,,,United States
play,Winona Pattern & Mold,2024-02-16 00:00:00.000000,US,Manufacturing,,,United States
play,Compact Mould,2024-02-16 00:00:00.000000,CA,Manufacturing,,,Canada
play,DuBose Strapping,2024-02-15 19:46:19.809459,US,Manufacturing,,,United States
play,"Norman, Fox",2024-02-10 00:00:00.000000,US,Manufacturing,,,United States
play,LD Davis,2024-02-09 00:00:00.000000,US,Manufacturing,,,United States
play,Powill Manufacturing & Engineering,2024-02-07 00:00:00.000000,US,Manufacturing,,,United States
play,Northeastern Sheet Metal,2023-12-05 00:00:00.000000,US,Manufacturing,,,United States
play,Nova Group,2023-05-03 22:54:33.496900,AU,,,,"Australia - Nova Group is a leading engineering services and technology solutions partner. Our vision is to solve the complex challenges that really matter to our clients. Nova's businesses include professional services provider Nova Systems, aerospace engineering firm"
play,Negma Business Solutions,2023-05-03 21:53:19.499617,US,,,,"Texas, United Statesi - Founded in 1996, Negma Business Solutions, Inc. has been leading the way, providing businesses with expertly designed, secured, and dedicated infrastructures to house company networking and cloud equipment in a state-of-the-art, secured, multi-carrier facility."
play,A10,2023-02-09 02:42:50.323869,US,Manufacturing,,,A10 Network
